id,input_query_name,accepted_scientific_name,gbif_key,gbif_url,kingdom,phylum,kelas,ordo,family,genus,nama_indonesia_api,nama_inggris_api,taxonomic_status,rank,seed_source,seed_note
rafflesia_arnoldii,Rafflesia arnoldi,Rafflesia arnoldi,7279683,https://www.gbif.org/species/7279683,Plantae,Tracheophyta,Magnoliopsida,Malpighiales,Rafflesiaceae,Rafflesia,Kerubut,Arnold's rafflesia,ACCEPTED,SPECIES,Curated project seed list,"Daftar target disusun manual untuk memenuhi 50 flora dan 50 fauna Indonesia, lalu nama ilmiah divalidasi melalui GBIF/Wikidata."
bunga_bangkai_raksasa,Amorphophallus titanum,Amorphophallus titanum,2871508,https://www.gbif.org/species/2871508,Plantae,Tracheophyta,Liliopsida,Alismatales,Araceae,Amorphophallus,Bunga bangkai,Titan Arum,ACCEPTED,SPECIES,Curated project seed list,"Daftar target disusun manual untuk memenuhi 50 flora dan 50 fauna Indonesia, lalu nama ilmiah divalidasi melalui GBIF/Wikidata."
meranti_merah,Shorea leprosula,Shorea leprosula,4097193,https://www.gbif.org/species/4097193,Plantae,Tracheophyta,Magnoliopsida,Malvales,Dipterocarpaceae,Shorea,,Light Red Meranti,ACCEPTED,SPECIES,Curated project seed list,"Daftar target disusun manual untuk memenuhi 50 flora dan 50 fauna Indonesia, lalu nama ilmiah divalidasi melalui GBIF/Wikidata."
ulin,Eusideroxylon zwageri,Eusideroxylon zwageri,3033968,https://www.gbif.org/species/3033968,Plantae,Tracheophyta,Magnoliopsida,Laurales,Lauraceae,Eusideroxylon,Bi,Billian,ACCEPTED,SPECIES,Curated project seed list,"Daftar target disusun manual untuk memenuhi 50 flora dan 50 fauna Indonesia, lalu nama ilmiah divalidasi melalui GBIF/Wikidata."
cendana,Santalum album,Santalum album,2889785,https://www.gbif.org/species/2889785,Plantae,Tracheophyta,Magnoliopsida,Santalales,Santalaceae,Santalum,Cendana,Indian Sandalwood,ACCEPTED,SPECIES,Curated project seed list,"Daftar target disusun manual untuk memenuhi 50 flora dan 50 fauna Indonesia, lalu nama ilmiah divalidasi melalui GBIF/Wikidata."
pala,Myristica fragrans,Myristica fragrans,5406817,https://www.gbif.org/species/5406817,Plantae,Tracheophyta,Magnoliopsida,Magnoliales,Myristicaceae,Myristica,Pala,Nutmeg,ACCEPTED,SPECIES,Curated project seed list,"Daftar target disusun manual untuk memenuhi 50 flora dan 50 fauna Indonesia, lalu nama ilmiah divalidasi melalui GBIF/Wikidata."
sagu,Metroxylon sagu,Metroxylon sagu,2733781,https://www.gbif.org/species/2733781,Plantae,Tracheophyta,Liliopsida,Arecales,Arecaceae,Metroxylon,Rumbia,sago palm,ACCEPTED,SPECIES,Curated project seed list,"Daftar target disusun manual untuk memenuhi 50 flora dan 50 fauna Indonesia, lalu nama ilmiah divalidasi melalui GBIF/Wikidata."
anggrek_bulan,Phalaenopsis amabilis,Phalaenopsis amabilis,5311007,https://www.gbif.org/species/5311007,Plantae,Tracheophyta,Liliopsida,Asparagales,Orchidaceae,Phalaenopsis,,,ACCEPTED,SPECIES,Curated project seed list,"Daftar target disusun manual untuk memenuhi 50 flora dan 50 fauna Indonesia, lalu nama ilmiah divalidasi melalui GBIF/Wikidata."
durian,Durio zibethinus,Durio zibethinus,3152230,https://www.gbif.org/species/3152230,Plantae,Tracheophyta,Magnoliopsida,Malvales,Malvaceae,Durio,,durian,ACCEPTED,SPECIES,Curated project seed list,"Daftar target disusun manual untuk memenuhi 50 flora dan 50 fauna Indonesia, lalu nama ilmiah divalidasi melalui GBIF/Wikidata."
kantong_semar,Nepenthes gymnamphora,Nepenthes gymnamphora,3702020,https://www.gbif.org/species/3702020,Plantae,Tracheophyta,Magnoliopsida,Caryophyllales,Nepenthaceae,Nepenthes,,,ACCEPTED,SPECIES,Curated project seed list,"Daftar target disusun manual untuk memenuhi 50 flora dan 50 fauna Indonesia, lalu nama ilmiah divalidasi melalui GBIF/Wikidata."
mangga,Mangifera indica,Mangifera indica,3190638,https://www.gbif.org/species/3190638,Plantae,Tracheophyta,Magnoliopsida,Sapindales,Anacardiaceae,Mangifera,,Common Indian Mango,ACCEPTED,SPECIES,Curated project seed list,"Daftar target disusun manual untuk memenuhi 50 flora dan 50 fauna Indonesia, lalu nama ilmiah divalidasi melalui GBIF/Wikidata."
kelapa,Cocos nucifera,Cocos nucifera,2735117,https://www.gbif.org/species/2735117,Plantae,Tracheophyta,Liliopsida,Arecales,Arecaceae,Cocos,,coconut palm,ACCEPTED,SPECIES,Curated project seed list,"Daftar target disusun manual untuk memenuhi 50 flora dan 50 fauna Indonesia, lalu nama ilmiah divalidasi melalui GBIF/Wikidata."
pisang,Musa acuminata,Musa acuminata,2762680,https://www.gbif.org/species/2762680,Plantae,Tracheophyta,Liliopsida,Zingiberales,Musaceae,Musa,gedang klutuk,Wild Banana,ACCEPTED,SPECIES,Curated project seed list,"Daftar target disusun manual untuk memenuhi 50 flora dan 50 fauna Indonesia, lalu nama ilmiah divalidasi melalui GBIF/Wikidata."
padi,Oryza sativa,Oryza sativa,2703459,https://www.gbif.org/species/2703459,Plantae,Tracheophyta,Liliopsida,Poales,Poaceae,Oryza,Padi,Asian rice,ACCEPTED,SPECIES,Curated project seed list,"Daftar target disusun manual untuk memenuhi 50 flora dan 50 fauna Indonesia, lalu nama ilmiah divalidasi melalui GBIF/Wikidata."
kopi_robusta,Coffea canephora,Coffea canephora,2895528,https://www.gbif.org/species/2895528,Plantae,Tracheophyta,Magnoliopsida,Gentianales,Rubiaceae,Coffea,Kopi Robusta,Robusta Coffee,ACCEPTED,SPECIES,Curated project seed list,"Daftar target disusun manual untuk memenuhi 50 flora dan 50 fauna Indonesia, lalu nama ilmiah divalidasi melalui GBIF/Wikidata."
kopi_arabika,Coffea arabica,Coffea arabica,2895345,https://www.gbif.org/species/2895345,Plantae,Tracheophyta,Magnoliopsida,Gentianales,Rubiaceae,Coffea,Kopi Arabika,Arabica Coffee,ACCEPTED,SPECIES,Curated project seed list,"Daftar target disusun manual untuk memenuhi 50 flora dan 50 fauna Indonesia, lalu nama ilmiah divalidasi melalui GBIF/Wikidata."
kakao,Theobroma cacao,Theobroma cacao,3152205,https://www.gbif.org/species/3152205,Plantae,Tracheophyta,Magnoliopsida,Malvales,Malvaceae,Theobroma,,cacao,ACCEPTED,SPECIES,Curated project seed list,"Daftar target disusun manual untuk memenuhi 50 flora dan 50 fauna Indonesia, lalu nama ilmiah divalidasi melalui GBIF/Wikidata."
cengkih,Syzygium aromaticum,Syzygium aromaticum,3183002,https://www.gbif.org/species/3183002,Plantae,Tracheophyta,Magnoliopsida,Myrtales,Myrtaceae,Syzygium,Cengkeh,clove,ACCEPTED,SPECIES,Curated project seed list,"Daftar target disusun manual untuk memenuhi 50 flora dan 50 fauna Indonesia, lalu nama ilmiah divalidasi melalui GBIF/Wikidata."
lada,Piper nigrum,Piper nigrum,3086357,https://www.gbif.org/species/3086357,Plantae,Tracheophyta,Magnoliopsida,Piperales,Piperaceae,Piper,,black pepper,ACCEPTED,SPECIES,Curated project seed list,"Daftar target disusun manual untuk memenuhi 50 flora dan 50 fauna Indonesia, lalu nama ilmiah divalidasi melalui GBIF/Wikidata."
kayu_manis,Cinnamomum burmanni,Cinnamomum burmanni,3033985,https://www.gbif.org/species/3033985,Plantae,Tracheophyta,Magnoliopsida,Laurales,Lauraceae,Cinnamomum,Kayu Manis,Malaysian cinnamon,ACCEPTED,SPECIES,Curated project seed list,"Daftar target disusun manual untuk memenuhi 50 flora dan 50 fauna Indonesia, lalu nama ilmiah divalidasi melalui GBIF/Wikidata."
kemiri,Aleurites moluccanus,Aleurites moluccanus,4930679,https://www.gbif.org/species/4930679,Plantae,Tracheophyta,Magnoliopsida,Malpighiales,Euphorbiaceae,Aleurites,Kemiri,Candlenut Tree,ACCEPTED,SPECIES,Curated project seed list,"Daftar target disusun manual untuk memenuhi 50 flora dan 50 fauna Indonesia, lalu nama ilmiah divalidasi melalui GBIF/Wikidata."
nangka,Artocarpus heterophyllus,Artocarpus heterophyllus,2984565,https://www.gbif.org/species/2984565,Plantae,Tracheophyta,Magnoliopsida,Rosales,Moraceae,Artocarpus,,jackfruit,ACCEPTED,SPECIES,Curated project seed list,"Daftar target disusun manual untuk memenuhi 50 flora dan 50 fauna Indonesia, lalu nama ilmiah divalidasi melalui GBIF/Wikidata."
sukun,Artocarpus altilis,Artocarpus altilis,2984573,https://www.gbif.org/species/2984573,Plantae,Tracheophyta,Magnoliopsida,Rosales,Moraceae,Artocarpus,Sukun (pohon),breadfruit,ACCEPTED,SPECIES,Curated project seed list,"Daftar target disusun manual untuk memenuhi 50 flora dan 50 fauna Indonesia, lalu nama ilmiah divalidasi melalui GBIF/Wikidata."
pinang,Areca catechu,Areca catechu,2736531,https://www.gbif.org/species/2736531,Plantae,Tracheophyta,Liliopsida,Arecales,Arecaceae,Areca,,Betel Nut Palm,ACCEPTED,SPECIES,Curated project seed list,"Daftar target disusun manual untuk memenuhi 50 flora dan 50 fauna Indonesia, lalu nama ilmiah divalidasi melalui GBIF/Wikidata."
nipah,Nypa fruticans,Nypa fruticans,2738422,https://www.gbif.org/species/2738422,Plantae,Tracheophyta,Liliopsida,Arecales,Arecaceae,Nypa,nipah,Nypa Palm,ACCEPTED,SPECIES,Curated project seed list,"Daftar target disusun manual untuk memenuhi 50 flora dan 50 fauna Indonesia, lalu nama ilmiah divalidasi melalui GBIF/Wikidata."
pandan_laut,Pandanus tectorius,Pandanus tectorius,8023236,https://www.gbif.org/species/8023236,Plantae,Tracheophyta,Liliopsida,Pandanales,Pandanaceae,Pandanus,,,ACCEPTED,SPECIES,Curated project seed list,"Daftar target disusun manual untuk memenuhi 50 flora dan 50 fauna Indonesia, lalu nama ilmiah divalidasi melalui GBIF/Wikidata."
pulai,Alstonia scholaris,Alstonia scholaris,5414410,https://www.gbif.org/species/5414410,Plantae,Tracheophyta,Magnoliopsida,Gentianales,Apocynaceae,Alstonia,Waser,Blackboard Tree,ACCEPTED,SPECIES,Curated project seed list,"Daftar target disusun manual untuk memenuhi 50 flora dan 50 fauna Indonesia, lalu nama ilmiah divalidasi melalui GBIF/Wikidata."
kayu_putih,Melaleuca cajuputi,Melaleuca cajuputi,5415885,https://www.gbif.org/species/5415885,Plantae,Tracheophyta,Magnoliopsida,Myrtales,Myrtaceae,Melaleuca,Kaya Putih,Cajuput,ACCEPTED,SPECIES,Curated project seed list,"Daftar target disusun manual untuk memenuhi 50 flora dan 50 fauna Indonesia, lalu nama ilmiah divalidasi melalui GBIF/Wikidata."
gaharu,Aquilaria malaccensis,Aquilaria malaccensis,5524063,https://www.gbif.org/species/5524063,Plantae,Tracheophyta,Magnoliopsida,Malvales,Thymelaeaceae,Aquilaria,,Agarwood,ACCEPTED,SPECIES,Curated project seed list,"Daftar target disusun manual untuk memenuhi 50 flora dan 50 fauna Indonesia, lalu nama ilmiah divalidasi melalui GBIF/Wikidata."
cemara_laut,Casuarina equisetifolia,Casuarina equisetifolia,2891930,https://www.gbif.org/species/2891930,Plantae,Tracheophyta,Magnoliopsida,Fagales,Casuarinaceae,Casuarina,,Australian pine,ACCEPTED,SPECIES,Curated project seed list,"Daftar target disusun manual untuk memenuhi 50 flora dan 50 fauna Indonesia, lalu nama ilmiah divalidasi melalui GBIF/Wikidata."
merbau,Intsia bijuga,Intsia bijuga,2963211,https://www.gbif.org/species/2963211,Plantae,Tracheophyta,Magnoliopsida,Fabales,Fabaceae,Intsia,Merbau,Borneo Teak,ACCEPTED,SPECIES,Curated project seed list,"Daftar target disusun manual untuk memenuhi 50 flora dan 50 fauna Indonesia, lalu nama ilmiah divalidasi melalui GBIF/Wikidata."
beringin,Ficus benjamina,Ficus benjamina,5361932,https://www.gbif.org/species/5361932,Plantae,Tracheophyta,Magnoliopsida,Rosales,Moraceae,Ficus,wariengien,weeping fig,ACCEPTED,SPECIES,Curated project seed list,"Daftar target disusun manual untuk memenuhi 50 flora dan 50 fauna Indonesia, lalu nama ilmiah divalidasi melalui GBIF/Wikidata."
jati,Tectona grandis,Tectona grandis,2925649,https://www.gbif.org/species/2925649,Plantae,Tracheophyta,Magnoliopsida,Lamiales,Lamiaceae,Tectona,jati,Teak,ACCEPTED,SPECIES,Curated project seed list,"Daftar target disusun manual untuk memenuhi 50 flora dan 50 fauna Indonesia, lalu nama ilmiah divalidasi melalui GBIF/Wikidata."
mahoni_daun_besar,Swietenia macrophylla,Swietenia macrophylla,3190484,https://www.gbif.org/species/3190484,Plantae,Tracheophyta,Magnoliopsida,Sapindales,Meliaceae,Swietenia,Mahoni,Big Leaf Mahogany,ACCEPTED,SPECIES,Curated project seed list,"Daftar target disusun manual untuk memenuhi 50 flora dan 50 fauna Indonesia, lalu nama ilmiah divalidasi melalui GBIF/Wikidata."
melinjo,Gnetum gnemon,Gnetum gnemon,2653133,https://www.gbif.org/species/2653133,Plantae,Tracheophyta,Gnetopsida,Gnetales,Gnetaceae,Gnetum,Melinjo,buko,ACCEPTED,SPECIES,Curated project seed list,"Daftar target disusun manual untuk memenuhi 50 flora dan 50 fauna Indonesia, lalu nama ilmiah divalidasi melalui GBIF/Wikidata."
petai,Parkia speciosa,Parkia speciosa,5348811,https://www.gbif.org/species/5348811,Plantae,Tracheophyta,Magnoliopsida,Fabales,Fabaceae,Parkia,Pete,Stink bean,ACCEPTED,SPECIES,Curated project seed list,"Daftar target disusun manual untuk memenuhi 50 flora dan 50 fauna Indonesia, lalu nama ilmiah divalidasi melalui GBIF/Wikidata."
jengkol,Archidendron pauciflorum,Archidendron pauciflorum,2941485,https://www.gbif.org/species/2941485,Plantae,Tracheophyta,Magnoliopsida,Fabales,Fabaceae,Archidendron,Djenkol,Djenkol Tree,ACCEPTED,SPECIES,Curated project seed list,"Daftar target disusun manual untuk memenuhi 50 flora dan 50 fauna Indonesia, lalu nama ilmiah divalidasi melalui GBIF/Wikidata."
kecombrang,Etlingera elatior,Etlingera elatior,2759896,https://www.gbif.org/species/2759896,Plantae,Tracheophyta,Liliopsida,Zingiberales,Zingiberaceae,Etlingera,Kecombrang,Torch Ginger,ACCEPTED,SPECIES,Curated project seed list,"Daftar target disusun manual untuk memenuhi 50 flora dan 50 fauna Indonesia, lalu nama ilmiah divalidasi melalui GBIF/Wikidata."
jahe,Zingiber officinale,Zingiber officinale,2757280,https://www.gbif.org/species/2757280,Plantae,Tracheophyta,Liliopsida,Zingiberales,Zingiberaceae,Zingiber,Jahe,Ginger,ACCEPTED,SPECIES,Curated project seed list,"Daftar target disusun manual untuk memenuhi 50 flora dan 50 fauna Indonesia, lalu nama ilmiah divalidasi melalui GBIF/Wikidata."
kunyit,Curcuma longa,Curcuma longa,2757624,https://www.gbif.org/species/2757624,Plantae,Tracheophyta,Liliopsida,Zingiberales,Zingiberaceae,Curcuma,Kunyit,Turmeric,ACCEPTED,SPECIES,Curated project seed list,"Daftar target disusun manual untuk memenuhi 50 flora dan 50 fauna Indonesia, lalu nama ilmiah divalidasi melalui GBIF/Wikidata."
lengkuas,Alpinia galanga,Alpinia galanga,5302225,https://www.gbif.org/species/5302225,Plantae,Tracheophyta,Liliopsida,Zingiberales,Zingiberaceae,Alpinia,Laos,greater galangal,ACCEPTED,SPECIES,Curated project seed list,"Daftar target disusun manual untuk memenuhi 50 flora dan 50 fauna Indonesia, lalu nama ilmiah divalidasi melalui GBIF/Wikidata."
serai,Cymbopogon citratus,Cymbopogon citratus,2705275,https://www.gbif.org/species/2705275,Plantae,Tracheophyta,Liliopsida,Poales,Poaceae,Cymbopogon,Serai,Lemon Grass,ACCEPTED,SPECIES,Curated project seed list,"Daftar target disusun manual untuk memenuhi 50 flora dan 50 fauna Indonesia, lalu nama ilmiah divalidasi melalui GBIF/Wikidata."
pandan_wangi,Pandanus amaryllifolius,Pandanus amaryllifolius,9296315,https://www.gbif.org/species/9296315,Plantae,Tracheophyta,Liliopsida,Pandanales,Pandanaceae,Pandanus,Pandan Rampeh,Fragrant Pandan,ACCEPTED,SPECIES,Curated project seed list,"Daftar target disusun manual untuk memenuhi 50 flora dan 50 fauna Indonesia, lalu nama ilmiah divalidasi melalui GBIF/Wikidata."
belimbing,Averrhoa carambola,Averrhoa carambola,2891641,https://www.gbif.org/species/2891641,Plantae,Tracheophyta,Magnoliopsida,Oxalidales,Oxalidaceae,Averrhoa,Belimbing,Starfruit,ACCEPTED,SPECIES,Curated project seed list,"Daftar target disusun manual untuk memenuhi 50 flora dan 50 fauna Indonesia, lalu nama ilmiah divalidasi melalui GBIF/Wikidata."
manggis,Garcinia mangostana,Garcinia mangostana,3189571,https://www.gbif.org/species/3189571,Plantae,Tracheophyta,Magnoliopsida,Malpighiales,Clusiaceae,Garcinia,Manggis,Mangosteen,ACCEPTED,SPECIES,Curated project seed list,"Daftar target disusun manual untuk memenuhi 50 flora dan 50 fauna Indonesia, lalu nama ilmiah divalidasi melalui GBIF/Wikidata."
duku,Lansium domesticum,Lansium domesticum,3190478,https://www.gbif.org/species/3190478,Plantae,Tracheophyta,Magnoliopsida,Sapindales,Meliaceae,Lansium,,langsat,ACCEPTED,SPECIES,Curated project seed list,"Daftar target disusun manual untuk memenuhi 50 flora dan 50 fauna Indonesia, lalu nama ilmiah divalidasi melalui GBIF/Wikidata."
rambutan,Nephelium lappaceum,Nephelium lappaceum,5421126,https://www.gbif.org/species/5421126,Plantae,Tracheophyta,Magnoliopsida,Sapindales,Sapindaceae,Nephelium,,pulasan,ACCEPTED,SPECIES,Curated project seed list,"Daftar target disusun manual untuk memenuhi 50 flora dan 50 fauna Indonesia, lalu nama ilmiah divalidasi melalui GBIF/Wikidata."
salak,Salacca zalacca,Salacca zalacca,2731764,https://www.gbif.org/species/2731764,Plantae,Tracheophyta,Liliopsida,Arecales,Arecaceae,Salacca,,Snakefruit,ACCEPTED,SPECIES,Curated project seed list,"Daftar target disusun manual untuk memenuhi 50 flora dan 50 fauna Indonesia, lalu nama ilmiah divalidasi melalui GBIF/Wikidata."
bakau_minyak,Rhizophora apiculata,Rhizophora apiculata,3086526,https://www.gbif.org/species/3086526,Plantae,Tracheophyta,Magnoliopsida,Malpighiales,Rhizophoraceae,Rhizophora,Bakau Minyak,mangrove,ACCEPTED,SPECIES,Curated project seed list,"Daftar target disusun manual untuk memenuhi 50 flora dan 50 fauna Indonesia, lalu nama ilmiah divalidasi melalui GBIF/Wikidata."
ketapang,Terminalia catappa,Terminalia catappa,3189394,https://www.gbif.org/species/3189394,Plantae,Tracheophyta,Magnoliopsida,Myrtales,Combretaceae,Terminalia,,India almond,ACCEPTED,SPECIES,Curated project seed list,"Daftar target disusun manual untuk memenuhi 50 flora dan 50 fauna Indonesia, lalu nama ilmiah divalidasi melalui GBIF/Wikidata."
kucing,Felis catus,Felis catus,2435035,https://www.gbif.org/species/2435035,Animalia,Chordata,Mammalia,Carnivora,Felidae,Felis,Kucing Domestik,Domestic Cat,ACCEPTED,SPECIES,Curated project seed list,"Daftar target disusun manual untuk memenuhi 50 flora dan 50 fauna Indonesia, lalu nama ilmiah divalidasi melalui GBIF/Wikidata."
harimau,Panthera tigris,Panthera tigris,5219416,https://www.gbif.org/species/5219416,Animalia,Chordata,Mammalia,Carnivora,Felidae,Panthera,Harimau,Tiger,ACCEPTED,SPECIES,Curated project seed list,"Daftar target disusun manual untuk memenuhi 50 flora dan 50 fauna Indonesia, lalu nama ilmiah divalidasi melalui GBIF/Wikidata."
orangutan_sumatra,Pongo abelii,Pongo abelii,5707420,https://www.gbif.org/species/5707420,Animalia,Chordata,Mammalia,Primates,Hominidae,Pongo,Orang Utan Sumatera,Sumatran Orangutan,ACCEPTED,SPECIES,Curated project seed list,"Daftar target disusun manual untuk memenuhi 50 flora dan 50 fauna Indonesia, lalu nama ilmiah divalidasi melalui GBIF/Wikidata."
orangutan_kalimantan,Pongo pygmaeus,Pongo pygmaeus,5219532,https://www.gbif.org/species/5219532,Animalia,Chordata,Mammalia,Primates,Hominidae,Pongo,Orang Utan Kalimantan,Bornean Orangutan,ACCEPTED,SPECIES,Curated project seed list,"Daftar target disusun manual untuk memenuhi 50 flora dan 50 fauna Indonesia, lalu nama ilmiah divalidasi melalui GBIF/Wikidata."
komodo,Varanus komodoensis,Varanus komodoensis,2470854,https://www.gbif.org/species/2470854,Animalia,Chordata,Squamata,,Varanidae,Varanus,Biawak Komodo,Komodo Dragon,ACCEPTED,SPECIES,Curated project seed list,"Daftar target disusun manual untuk memenuhi 50 flora dan 50 fauna Indonesia, lalu nama ilmiah divalidasi melalui GBIF/Wikidata."
jalak_bali,Leucopsar rothschildi,Leucopsar rothschildi,2489068,https://www.gbif.org/species/2489068,Animalia,Chordata,Aves,Passeriformes,Sturnidae,Leucopsar,Curik bali,Bali Myna,ACCEPTED,SPECIES,Curated project seed list,"Daftar target disusun manual untuk memenuhi 50 flora dan 50 fauna Indonesia, lalu nama ilmiah divalidasi melalui GBIF/Wikidata."
elang_jawa,Nisaetus bartelsi,Nisaetus bartelsi,5788506,https://www.gbif.org/species/5788506,Animalia,Chordata,Aves,Accipitriformes,Accipitridae,Nisaetus,Elang jawa,Javan Hawk-eagle,ACCEPTED,SPECIES,Curated project seed list,"Daftar target disusun manual untuk memenuhi 50 flora dan 50 fauna Indonesia, lalu nama ilmiah divalidasi melalui GBIF/Wikidata."
babirusa_sulawesi,Babyrousa celebensis,Babyrousa celebensis,4262912,https://www.gbif.org/species/4262912,Animalia,Chordata,Mammalia,Artiodactyla,Suidae,Babyrousa,Babirusa Sulawesi,Sulawesi Babirusa,ACCEPTED,SPECIES,Curated project seed list,"Daftar target disusun manual untuk memenuhi 50 flora dan 50 fauna Indonesia, lalu nama ilmiah divalidasi melalui GBIF/Wikidata."
maleo,Macrocephalon maleo,Macrocephalon maleo,2482154,https://www.gbif.org/species/2482154,Animalia,Chordata,Aves,Galliformes,Megapodiidae,Macrocephalon,Maleo senkawor,Maleo,ACCEPTED,SPECIES,Curated project seed list,"Daftar target disusun manual untuk memenuhi 50 flora dan 50 fauna Indonesia, lalu nama ilmiah divalidasi melalui GBIF/Wikidata."
gajah_sumatra,Elephas maximus,Elephas maximus,5219461,https://www.gbif.org/species/5219461,Animalia,Chordata,Mammalia,Proboscidea,Elephantidae,Elephas,Gajah Asia,Asian Elephant,ACCEPTED,SPECIES,Curated project seed list,"Daftar target disusun manual untuk memenuhi 50 flora dan 50 fauna Indonesia, lalu nama ilmiah divalidasi melalui GBIF/Wikidata."
badak_jawa,Rhinoceros sondaicus,Rhinoceros sondaicus,5220112,https://www.gbif.org/species/5220112,Animalia,Chordata,Mammalia,Perissodactyla,Rhinocerotidae,Rhinoceros,Badak Jawa,Javan Rhinoceros,ACCEPTED,SPECIES,Curated project seed list,"Daftar target disusun manual untuk memenuhi 50 flora dan 50 fauna Indonesia, lalu nama ilmiah divalidasi melalui GBIF/Wikidata."
badak_sumatra,Dicerorhinus sumatrensis,Dicerorhinus sumatrensis,2440878,https://www.gbif.org/species/2440878,Animalia,Chordata,Mammalia,Perissodactyla,Rhinocerotidae,Dicerorhinus,,Sumatran Rhinoceros,ACCEPTED,SPECIES,Curated project seed list,"Daftar target disusun manual untuk memenuhi 50 flora dan 50 fauna Indonesia, lalu nama ilmiah divalidasi melalui GBIF/Wikidata."
bekantan,Nasalis larvatus,Nasalis larvatus,2436525,https://www.gbif.org/species/2436525,Animalia,Chordata,Mammalia,Primates,Cercopithecidae,Nasalis,Bekantan,Proboscis Monkey,ACCEPTED,SPECIES,Curated project seed list,"Daftar target disusun manual untuk memenuhi 50 flora dan 50 fauna Indonesia, lalu nama ilmiah divalidasi melalui GBIF/Wikidata."
yaki,Macaca nigra,Macaca nigra,2436616,https://www.gbif.org/species/2436616,Animalia,Chordata,Mammalia,Primates,Cercopithecidae,Macaca,Yaki,Celebes Crested Macaque,ACCEPTED,SPECIES,Curated project seed list,"Daftar target disusun manual untuk memenuhi 50 flora dan 50 fauna Indonesia, lalu nama ilmiah divalidasi melalui GBIF/Wikidata."
tangkasi,Tarsius tarsier,Tarsius tarsier,4266949,https://www.gbif.org/species/4266949,Animalia,Chordata,Mammalia,Primates,Tarsiidae,Tarsius,,Spectral Tarsier,ACCEPTED,SPECIES,Curated project seed list,"Daftar target disusun manual untuk memenuhi 50 flora dan 50 fauna Indonesia, lalu nama ilmiah divalidasi melalui GBIF/Wikidata."
anoa_dataran_rendah,Bubalus depressicornis,Bubalus depressicornis,8085503,https://www.gbif.org/species/8085503,Animalia,Chordata,Mammalia,Artiodactyla,Bovidae,Bubalus,Anoa Dataran Rendah,Lowland Anoa,ACCEPTED,SPECIES,Curated project seed list,"Daftar target disusun manual untuk memenuhi 50 flora dan 50 fauna Indonesia, lalu nama ilmiah divalidasi melalui GBIF/Wikidata."
anoa_pegunungan,Bubalus quarlesi,Bubalus quarlesi,7846959,https://www.gbif.org/species/7846959,Animalia,Chordata,Mammalia,Artiodactyla,Bovidae,Bubalus,,Mountain Anoa,ACCEPTED,SPECIES,Curated project seed list,"Daftar target disusun manual untuk memenuhi 50 flora dan 50 fauna Indonesia, lalu nama ilmiah divalidasi melalui GBIF/Wikidata."
babi_sulawesi,Sus celebensis,Sus celebensis,2441221,https://www.gbif.org/species/2441221,Animalia,Chordata,Mammalia,Artiodactyla,Suidae,Sus,Babi Sulawesi,Sulawesi Warty Pig,ACCEPTED,SPECIES,Curated project seed list,"Daftar target disusun manual untuk memenuhi 50 flora dan 50 fauna Indonesia, lalu nama ilmiah divalidasi melalui GBIF/Wikidata."
beruang_madu,Helarctos malayanus,Helarctos malayanus,2433403,https://www.gbif.org/species/2433403,Animalia,Chordata,Mammalia,Carnivora,Ursidae,Helarctos,Beruang Madu,Sun Bear,ACCEPTED,SPECIES,Curated project seed list,"Daftar target disusun manual untuk memenuhi 50 flora dan 50 fauna Indonesia, lalu nama ilmiah divalidasi melalui GBIF/Wikidata."
macan_dahan_sunda,Neofelis diardi,Neofelis diardi,5787229,https://www.gbif.org/species/5787229,Animalia,Chordata,Mammalia,Carnivora,Felidae,Neofelis,Harimau Dahan,Sunda Clouded Leopard,ACCEPTED,SPECIES,Curated project seed list,"Daftar target disusun manual untuk memenuhi 50 flora dan 50 fauna Indonesia, lalu nama ilmiah divalidasi melalui GBIF/Wikidata."
kucing_kuwuk,Prionailurus bengalensis,Prionailurus bengalensis,2434903,https://www.gbif.org/species/2434903,Animalia,Chordata,Mammalia,Carnivora,Felidae,Prionailurus,Kucing kuwuk,Mainland Leopard Cat,ACCEPTED,SPECIES,Curated project seed list,"Daftar target disusun manual untuk memenuhi 50 flora dan 50 fauna Indonesia, lalu nama ilmiah divalidasi melalui GBIF/Wikidata."
ajag,Cuon alpinus,Cuon alpinus,2434317,https://www.gbif.org/species/2434317,Animalia,Chordata,Mammalia,Carnivora,Canidae,Cuon,Ajag,Dhole,ACCEPTED,SPECIES,Curated project seed list,"Daftar target disusun manual untuk memenuhi 50 flora dan 50 fauna Indonesia, lalu nama ilmiah divalidasi melalui GBIF/Wikidata."
rusa_timor,Rusa timorensis,Rusa timorensis,4262397,https://www.gbif.org/species/4262397,Animalia,Chordata,Mammalia,Artiodactyla,Cervidae,Rusa,Rusa Jawa,Javan Deer,ACCEPTED,SPECIES,Curated project seed list,"Daftar target disusun manual untuk memenuhi 50 flora dan 50 fauna Indonesia, lalu nama ilmiah divalidasi melalui GBIF/Wikidata."
rusa_bawean,Axis kuhlii,Axis kuhlii,5220129,https://www.gbif.org/species/5220129,Animalia,Chordata,Mammalia,Artiodactyla,Cervidae,Axis,,Bawean Deer,ACCEPTED,SPECIES,Curated project seed list,"Daftar target disusun manual untuk memenuhi 50 flora dan 50 fauna Indonesia, lalu nama ilmiah divalidasi melalui GBIF/Wikidata."
banteng,Bos javanicus,Bos javanicus,2441027,https://www.gbif.org/species/2441027,Animalia,Chordata,Mammalia,Artiodactyla,Bovidae,Bos,,Banteng,ACCEPTED,SPECIES,Curated project seed list,"Daftar target disusun manual untuk memenuhi 50 flora dan 50 fauna Indonesia, lalu nama ilmiah divalidasi melalui GBIF/Wikidata."
trenggiling,Manis javanica,Manis javanica,5219628,https://www.gbif.org/species/5219628,Animalia,Chordata,Mammalia,Pholidota,Manidae,Manis,Trenggiling,Sunda Pangolin,ACCEPTED,SPECIES,Curated project seed list,"Daftar target disusun manual untuk memenuhi 50 flora dan 50 fauna Indonesia, lalu nama ilmiah divalidasi melalui GBIF/Wikidata."
binturong,Arctictis binturong,Arctictis binturong,2434615,https://www.gbif.org/species/2434615,Animalia,Chordata,Mammalia,Carnivora,Viverridae,Arctictis,Binturung,Binturong,ACCEPTED,SPECIES,Curated project seed list,"Daftar target disusun manual untuk memenuhi 50 flora dan 50 fauna Indonesia, lalu nama ilmiah divalidasi melalui GBIF/Wikidata."
kuskus_beruang_sulawesi,Ailurops ursinus,Ailurops ursinus,5219990,https://www.gbif.org/species/5219990,Animalia,Chordata,Mammalia,Diprotodontia,Phalangeridae,Ailurops,Kuskus-beruang Sulawesi,Bear Cuscus,ACCEPTED,SPECIES,Curated project seed list,"Daftar target disusun manual untuk memenuhi 50 flora dan 50 fauna Indonesia, lalu nama ilmiah divalidasi melalui GBIF/Wikidata."
kuskus_tutul,Spilocuscus maculatus,Spilocuscus maculatus,9818309,https://www.gbif.org/species/9818309,Animalia,Chordata,Mammalia,Diprotodontia,Phalangeridae,Spilocuscus,Kuskus Tutul,Common Spotted Cuscus,ACCEPTED,SPECIES,Curated project seed list,"Daftar target disusun manual untuk memenuhi 50 flora dan 50 fauna Indonesia, lalu nama ilmiah divalidasi melalui GBIF/Wikidata."
cenderawasih_besar,Paradisaea apoda,Paradisaea apoda,2494862,https://www.gbif.org/species/2494862,Animalia,Chordata,Aves,Passeriformes,Paradisaeidae,Paradisaea,Cenderawasih kuning-besar,Greater Bird-of-paradise,ACCEPTED,SPECIES,Curated project seed list,"Daftar target disusun manual untuk memenuhi 50 flora dan 50 fauna Indonesia, lalu nama ilmiah divalidasi melalui GBIF/Wikidata."
cenderawasih_kecil,Paradisaea minor,Paradisaea minor,2494859,https://www.gbif.org/species/2494859,Animalia,Chordata,Aves,Passeriformes,Paradisaeidae,Paradisaea,Cenderawasih Kuning-Kecil,Lesser Bird-of-paradise,ACCEPTED,SPECIES,Curated project seed list,"Daftar target disusun manual untuk memenuhi 50 flora dan 50 fauna Indonesia, lalu nama ilmiah divalidasi melalui GBIF/Wikidata."
cenderawasih_raja,Cicinnurus regius,Cicinnurus regius,2494913,https://www.gbif.org/species/2494913,Animalia,Chordata,Aves,Passeriformes,Paradisaeidae,Cicinnurus,Cenderawasih Raja,King Bird-of-paradise,ACCEPTED,SPECIES,Curated project seed list,"Daftar target disusun manual untuk memenuhi 50 flora dan 50 fauna Indonesia, lalu nama ilmiah divalidasi melalui GBIF/Wikidata."
kakatua_kecil_jambul_kuning,Cacatua sulphurea,Cacatua sulphurea,2479893,https://www.gbif.org/species/2479893,Animalia,Chordata,Aves,Psittaciformes,Psittacidae,Cacatua,Kakatua Jambul-Kuning,Yellow-crested Cockatoo,ACCEPTED,SPECIES,Curated project seed list,"Daftar target disusun manual untuk memenuhi 50 flora dan 50 fauna Indonesia, lalu nama ilmiah divalidasi melalui GBIF/Wikidata."
kakatua_raja,Probosciger aterrimus,Probosciger aterrimus,2479187,https://www.gbif.org/species/2479187,Animalia,Chordata,Aves,Psittaciformes,Psittacidae,Probosciger,Kakatua raja,Palm Cockatoo,ACCEPTED,SPECIES,Curated project seed list,"Daftar target disusun manual untuk memenuhi 50 flora dan 50 fauna Indonesia, lalu nama ilmiah divalidasi melalui GBIF/Wikidata."
nuri_kepala_hitam,Lorius lory,Lorius lory,2479418,https://www.gbif.org/species/2479418,Animalia,Chordata,Aves,Psittaciformes,Psittacidae,Lorius,Kasturi kepala-hitam,Black-capped Lory,ACCEPTED,SPECIES,Curated project seed list,"Daftar target disusun manual untuk memenuhi 50 flora dan 50 fauna Indonesia, lalu nama ilmiah divalidasi melalui GBIF/Wikidata."
nuri_merah,Eos bornea,Eos bornea,2479486,https://www.gbif.org/species/2479486,Animalia,Chordata,Aves,Psittaciformes,Psittacidae,Eos,Nuri maluku,Red Lory,ACCEPTED,SPECIES,Curated project seed list,"Daftar target disusun manual untuk memenuhi 50 flora dan 50 fauna Indonesia, lalu nama ilmiah divalidasi melalui GBIF/Wikidata."
tiong_emas,Gracula religiosa,Gracula religiosa,2488999,https://www.gbif.org/species/2488999,Animalia,Chordata,Aves,Passeriformes,Sturnidae,Gracula,Tiong emas,Common Hill Myna,ACCEPTED,SPECIES,Curated project seed list,"Daftar target disusun manual untuk memenuhi 50 flora dan 50 fauna Indonesia, lalu nama ilmiah divalidasi melalui GBIF/Wikidata."
rangkong_badak,Buceros rhinoceros,Buceros rhinoceros,2476004,https://www.gbif.org/species/2476004,Animalia,Chordata,Aves,Bucerotiformes,Bucerotidae,Buceros,Enggang cula,Rhinoceros Hornbill,ACCEPTED,SPECIES,Curated project seed list,"Daftar target disusun manual untuk memenuhi 50 flora dan 50 fauna Indonesia, lalu nama ilmiah divalidasi melalui GBIF/Wikidata."
rangkong_gading,Rhinoplax vigil,Rhinoplax vigil,2475951,https://www.gbif.org/species/2475951,Animalia,Chordata,Aves,Bucerotiformes,Bucerotidae,Rhinoplax,Rangkong gading,Helmeted Hornbill,ACCEPTED,SPECIES,Curated project seed list,"Daftar target disusun manual untuk memenuhi 50 flora dan 50 fauna Indonesia, lalu nama ilmiah divalidasi melalui GBIF/Wikidata."
buaya_muara,Crocodylus porosus,Crocodylus porosus,2441333,https://www.gbif.org/species/2441333,Animalia,Chordata,Crocodylia,,Crocodylidae,Crocodylus,Buaya muara,Saltwater Crocodile,ACCEPTED,SPECIES,Curated project seed list,"Daftar target disusun manual untuk memenuhi 50 flora dan 50 fauna Indonesia, lalu nama ilmiah divalidasi melalui GBIF/Wikidata."
buaya_siam,Crocodylus siamensis,Crocodylus siamensis,2441348,https://www.gbif.org/species/2441348,Animalia,Chordata,Crocodylia,,Crocodylidae,Crocodylus,Buaya kodok,Siamese Crocodile,ACCEPTED,SPECIES,Curated project seed list,"Daftar target disusun manual untuk memenuhi 50 flora dan 50 fauna Indonesia, lalu nama ilmiah divalidasi melalui GBIF/Wikidata."
penyu_hijau,Chelonia mydas,Chelonia mydas,2442225,https://www.gbif.org/species/2442225,Animalia,Chordata,Testudines,,Cheloniidae,Chelonia,Penyu Hijau,Green Turtle,ACCEPTED,SPECIES,Curated project seed list,"Daftar target disusun manual untuk memenuhi 50 flora dan 50 fauna Indonesia, lalu nama ilmiah divalidasi melalui GBIF/Wikidata."
penyu_sisik,Eretmochelys imbricata,Eretmochelys imbricata,8841716,https://www.gbif.org/species/8841716,Animalia,Chordata,Testudines,,Cheloniidae,Eretmochelys,Penyu Sisik,Hawksbill Turtle,ACCEPTED,SPECIES,Curated project seed list,"Daftar target disusun manual untuk memenuhi 50 flora dan 50 fauna Indonesia, lalu nama ilmiah divalidasi melalui GBIF/Wikidata."
sanca_kembang,Malayopython reticulatus,Malayopython reticulatus,9260388,https://www.gbif.org/species/9260388,Animalia,Chordata,Squamata,,Pythonidae,Malayopython,Sanca Kembang,Reticulated Python,ACCEPTED,SPECIES,Curated project seed list,"Daftar target disusun manual untuk memenuhi 50 flora dan 50 fauna Indonesia, lalu nama ilmiah divalidasi melalui GBIF/Wikidata."
ular_sendok_jawa,Naja sputatrix,Naja sputatrix,2470370,https://www.gbif.org/species/2470370,Animalia,Chordata,Squamata,,Elapidae,Naja,Kobra Jawa,Southern Indonesian Spitting Cobra,ACCEPTED,SPECIES,Curated project seed list,"Daftar target disusun manual untuk memenuhi 50 flora dan 50 fauna Indonesia, lalu nama ilmiah divalidasi melalui GBIF/Wikidata."
duyung,Dugong dugon,Dugong dugon,9729967,https://www.gbif.org/species/9729967,Animalia,Chordata,Mammalia,Sirenia,Dugongidae,Dugong,Duyong,Dugong,ACCEPTED,SPECIES,Curated project seed list,"Daftar target disusun manual untuk memenuhi 50 flora dan 50 fauna Indonesia, lalu nama ilmiah divalidasi melalui GBIF/Wikidata."
ikan_raja_laut,Latimeria menadoensis,Latimeria menadoensis,2441276,https://www.gbif.org/species/2441276,Animalia,Chordata,Coelacanthi,Coelacanthiformes,Latimeriidae,Latimeria,Raja Laut,Sulawesi Coelacanth,ACCEPTED,SPECIES,Curated project seed list,"Daftar target disusun manual untuk memenuhi 50 flora dan 50 fauna Indonesia, lalu nama ilmiah divalidasi melalui GBIF/Wikidata."
arwana_asia,Scleropages formosus,Scleropages formosus,2402231,https://www.gbif.org/species/2402231,Animalia,Chordata,,Osteoglossiformes,Osteoglossidae,Scleropages,Arwana Asia,Asian bonytongue,ACCEPTED,SPECIES,Curated project seed list,"Daftar target disusun manual untuk memenuhi 50 flora dan 50 fauna Indonesia, lalu nama ilmiah divalidasi melalui GBIF/Wikidata."
kupu_kupu_sayap_burung_wallace,Ornithoptera croesus,Ornithoptera croesus,1937481,https://www.gbif.org/species/1937481,Animalia,Arthropoda,Insecta,Lepidoptera,Papilionidae,Ornithoptera,,Wallace's Golden Birdwing,ACCEPTED,SPECIES,Curated project seed list,"Daftar target disusun manual untuk memenuhi 50 flora dan 50 fauna Indonesia, lalu nama ilmiah divalidasi melalui GBIF/Wikidata."
kupu_kupu_sayap_burung_surga,Ornithoptera paradisea,Ornithoptera paradisea,1937484,https://www.gbif.org/species/1937484,Animalia,Arthropoda,Insecta,Lepidoptera,Papilionidae,Ornithoptera,Kupu-kupu sayap-burung surga,Paradise Birdwing,ACCEPTED,SPECIES,Curated project seed list,"Daftar target disusun manual untuk memenuhi 50 flora dan 50 fauna Indonesia, lalu nama ilmiah divalidasi melalui GBIF/Wikidata."
