id,nama_latin,nama_indonesia,nama_inggris,kingdom,phylum,kelas,ordo,family,genus,kategori,sinonim_ilmiah,sumber_data
rafflesia_arnoldii,Rafflesia arnoldi,Patma raksasa,Arnold's rafflesia,Plantae,Tracheophyta,Magnoliopsida,Malpighiales,Rafflesiaceae,Rafflesia,Magnoliopsida,Rafflesia titan,GBIF: https://www.gbif.org/species/7279683; Wikidata: http://www.wikidata.org/entity/Q161888
bunga_bangkai_raksasa,Amorphophallus titanum,Bunga bangkai,Titan Arum,Plantae,Tracheophyta,Liliopsida,Alismatales,Araceae,Amorphophallus,Liliopsida,Amorphophallus selebicus|Amorphophallus titanum|Conophallus titanum,GBIF: https://www.gbif.org/species/2871508; Wikidata: http://www.wikidata.org/entity/Q431224
meranti_merah,Shorea leprosula,Meranti Bunga,Light Red Meranti,Plantae,Tracheophyta,Magnoliopsida,Malvales,Dipterocarpaceae,Shorea,Magnoliopsida,Hopea maranti|Shorea astrosticta|Shorea maranti,GBIF: https://www.gbif.org/species/4097193; Wikidata: http://www.wikidata.org/entity/Q3017429
ulin,Eusideroxylon zwageri,Ulin,Billian,Plantae,Tracheophyta,Magnoliopsida,Laurales,Lauraceae,Eusideroxylon,Magnoliopsida,Bihania borneensis|Cinnamomum borneense|Cryptocarya laurifolia|Eusideroxylon borneense|Salgada laurifolia,GBIF: https://www.gbif.org/species/3033968; Wikidata: http://www.wikidata.org/entity/Q5227722
cendana,Santalum album,Cendana,Indian Sandalwood,Plantae,Tracheophyta,Magnoliopsida,Santalales,Santalaceae,Santalum,Magnoliopsida,Santalum ellipticum|Santalum myrtifolium|Santalum ovatum,GBIF: https://www.gbif.org/species/2889785; Wikidata: http://www.wikidata.org/entity/Q210858
pala,Myristica fragrans,Pala,Nutmeg,Plantae,Tracheophyta,Magnoliopsida,Magnoliales,Myristicaceae,Myristica,Magnoliopsida,Aruana silvestris|Myristica amboinensis|Myristica americana|Myristica aromatica,GBIF: https://www.gbif.org/species/5406817; Wikidata: http://www.wikidata.org/entity/Q2724976
sagu,Metroxylon sagu,Rumbia,sago palm,Plantae,Tracheophyta,Liliopsida,Arecales,Arecaceae,Metroxylon,Liliopsida,Metroxylon hermaphroditum|Metroxylon inerme|Metroxylon laeve|Metroxylon longispinum|Metroxylon micracanthum,GBIF: https://www.gbif.org/species/2733781; Wikidata: http://www.wikidata.org/entity/Q164088
anggrek_bulan,Phalaenopsis amabilis,Anggrek bulan,Moon Orchid,Plantae,Tracheophyta,Liliopsida,Asparagales,Orchidaceae,Phalaenopsis,Liliopsida,Cymbidium amabile|Epidendrum amabile|Phalaenopsis amabilis ramosa|Synadena amabilis,GBIF: https://www.gbif.org/species/5311007; Wikidata: http://www.wikidata.org/entity/Q1069597
durian,Durio zibethinus,Durian,durian,Plantae,Tracheophyta,Magnoliopsida,Malvales,Malvaceae,Durio,Magnoliopsida,Durio acuminatissima|Durio stercoraceus,GBIF: https://www.gbif.org/species/3152230; Wikidata: http://www.wikidata.org/entity/Q1135236
kantong_semar,Nepenthes gymnamphora,Kantong Semar,Tropical Pitcher Plant,Plantae,Tracheophyta,Magnoliopsida,Caryophyllales,Nepenthaceae,Nepenthes,Magnoliopsida,Nepenthes glabra|Nepenthes gymnamphora|Nepenthes gymnamphora haematamphora|Nepenthes melamphora,GBIF: https://www.gbif.org/species/3702020; Wikidata: http://www.wikidata.org/entity/Q4189835
mangga,Mangifera indica,mangga,Common Indian Mango,Plantae,Tracheophyta,Magnoliopsida,Sapindales,Anacardiaceae,Mangifera,Magnoliopsida,Mangifera amba|Mangifera anisodora|Mangifera austroyunnanensis|Mangifera balba,GBIF: https://www.gbif.org/species/3190638; Wikidata: http://www.wikidata.org/entity/Q3919027
kelapa,Cocos nucifera,kelapa,coconut palm,Plantae,Tracheophyta,Liliopsida,Arecales,Arecaceae,Cocos,Liliopsida,Calappa nucifera|Cocos indica|Cocos mamillaris|Cocos nana|Cocos nucifera palmyrensis,GBIF: https://www.gbif.org/species/2735117; Wikidata: http://www.wikidata.org/entity/Q13187
pisang,Musa acuminata,gedang klutuk,Wild Banana,Plantae,Tracheophyta,Liliopsida,Zingiberales,Musaceae,Musa,Liliopsida,Musa acuminata burmannicoides|Musa brieyi|Musa cavendishii|Musa chinensis,GBIF: https://www.gbif.org/species/2762680; Wikidata: http://www.wikidata.org/entity/Q132970
padi,Oryza sativa,padi,oryza molida,Plantae,Tracheophyta,Liliopsida,Poales,Poaceae,Oryza,Liliopsida,Oryza aristata|Oryza communissima|Oryza denudata|Oryza elongata|Oryza formosana,GBIF: https://www.gbif.org/species/2703459; Wikidata: http://www.wikidata.org/entity/Q161426
kopi_robusta,Coffea canephora,Robusta,Robusta Coffee,Plantae,Tracheophyta,Magnoliopsida,Gentianales,Rubiaceae,Coffea,Magnoliopsida,Coffea arabica stuhlmannii|Coffea bukobensis|Coffea canephora|Coffea canephora sankuruensis,GBIF: https://www.gbif.org/species/2895528; Wikidata: http://www.wikidata.org/entity/Q47532
kopi_arabika,Coffea arabica,Kopi arabika,Arabica Coffee,Plantae,Tracheophyta,Magnoliopsida,Gentianales,Rubiaceae,Coffea,Magnoliopsida,Coffea arabica abyssinica|Coffea arabica amarella|Coffea arabica angustifolia|Coffea arabica bourbon,GBIF: https://www.gbif.org/species/2895345; Wikidata: http://www.wikidata.org/entity/Q47685
kakao,Theobroma cacao,Kakao,cacao,Plantae,Tracheophyta,Magnoliopsida,Malvales,Malvaceae,Theobroma,Magnoliopsida,Cacao minar|Theobroma cocao|Theobroma kalagua|Theobroma pentogona,GBIF: https://www.gbif.org/species/3152205; Wikidata: http://www.wikidata.org/entity/Q42385
cengkih,Syzygium aromaticum,Cengkih,clove,Plantae,Tracheophyta,Magnoliopsida,Myrtales,Myrtaceae,Syzygium,Magnoliopsida,Caryophyllus aromaticus|Caryophyllus hortensis|Caryophyllus silvestris|Eugenia aromatica,GBIF: https://www.gbif.org/species/3183002; Wikidata: http://www.wikidata.org/entity/Q26736
lada,Piper nigrum,lada,black pepper,Plantae,Tracheophyta,Magnoliopsida,Piperales,Piperaceae,Piper,Magnoliopsida,Muldera multinervis|Muldera wightiana|Piper aromaticum|Piper baccatum|Piper colonum,GBIF: https://www.gbif.org/species/3086357; Wikidata: http://www.wikidata.org/entity/Q43084
kayu_manis,Cinnamomum burmanni,Cinnamomum burmannii,Malaysian cinnamon,Plantae,Tracheophyta,Magnoliopsida,Laurales,Lauraceae,Cinnamomum,Magnoliopsida,Cinnamomum ammannii|Cinnamomum burmannii chinense|Cinnamomum burmannii kiamis|Cinnamomum cassia|Cinnamomum chinense,GBIF: https://www.gbif.org/species/3033985; Wikidata: http://www.wikidata.org/entity/Q4115136
kemiri,Aleurites moluccanus,Kemiri,Candlenut Tree,Plantae,Tracheophyta,Magnoliopsida,Malpighiales,Euphorbiaceae,Aleurites,Magnoliopsida,Aleurites ambinux|Aleurites angustifolius|Aleurites commutatus|Aleurites cordifolius,GBIF: https://www.gbif.org/species/4930679; Wikidata: http://www.wikidata.org/entity/Q1160961
nangka,Artocarpus heterophyllus,Nangka,jackfruit,Plantae,Tracheophyta,Magnoliopsida,Rosales,Moraceae,Artocarpus,Magnoliopsida,Artocarpus brasiliensis|Artocarpus grandis|Artocarpus integra,GBIF: https://www.gbif.org/species/2984565; Wikidata: http://www.wikidata.org/entity/Q45757
sukun,Artocarpus altilis,Sukun,breadfruit,Plantae,Tracheophyta,Magnoliopsida,Rosales,Moraceae,Artocarpus,Magnoliopsida,Artocarpus altilis|Artocarpus altilis non-seminifer|Artocarpus altilis non-seminiferus|Artocarpus altilis seminifer|Artocarpus altilis seminiferus,GBIF: https://www.gbif.org/species/2984573; Wikidata: http://www.wikidata.org/entity/Q14677
pinang,Areca catechu,Pinang,Betel Nut Palm,Plantae,Tracheophyta,Liliopsida,Arecales,Arecaceae,Areca,Liliopsida,Areca catechu communis|Areca catechu alba|Areca catechu batanensis|Areca catechu longicarpa|Areca catechu nigra,GBIF: https://www.gbif.org/species/2736531; Wikidata: http://www.wikidata.org/entity/Q156969
nipah,Nypa fruticans,Nipah,Nypa Palm,Plantae,Tracheophyta,Liliopsida,Arecales,Arecaceae,Nypa,Liliopsida,Cocos nypa|Nipa arborescens|Nipa fruticans|Nipa fruticans neameana,GBIF: https://www.gbif.org/species/2738422; Wikidata: http://www.wikidata.org/entity/Q843726
pandan_laut,Pandanus tectorius,Pandan Pudak,Seashore Pandan,Plantae,Tracheophyta,Liliopsida,Pandanales,Pandanaceae,Pandanus,Liliopsida,Corypha laevis|Pandanus absonus|Pandanus adscendens|Pandanus aequor|Pandanus aitutakiensis,GBIF: https://www.gbif.org/species/8023236; Wikidata: http://www.wikidata.org/entity/Q312736
pulai,Alstonia scholaris,Pulai,Blackboard Tree,Plantae,Tracheophyta,Magnoliopsida,Gentianales,Apocynaceae,Alstonia,Magnoliopsida,Aeschynomene laevis|Alstonia kurzii|Alstonia scholaris avae|Alstonia scholaris blumii|Alstonia scholaris velutina,GBIF: https://www.gbif.org/species/5414410; Wikidata: http://www.wikidata.org/entity/Q135307
kayu_putih,Melaleuca cajuputi,gelam,Cajuput,Plantae,Tracheophyta,Magnoliopsida,Myrtales,Myrtaceae,Melaleuca,Magnoliopsida,-,GBIF: https://www.gbif.org/species/5415885; Wikidata: http://www.wikidata.org/entity/Q2933398
gaharu,Aquilaria malaccensis,Gaharu,Agarwood,Plantae,Tracheophyta,Magnoliopsida,Malvales,Thymelaeaceae,Aquilaria,Magnoliopsida,Aquilaria agallocha|Aquilaria moluccensis|Aquilaria secundana|Aquilariella malaccensis,GBIF: https://www.gbif.org/species/5524063; Wikidata: http://www.wikidata.org/entity/Q2249742
cemara_laut,Casuarina equisetifolia,cemara laut,Australian pine,Plantae,Tracheophyta,Magnoliopsida,Fagales,Casuarinaceae,Casuarina,Magnoliopsida,Casuarina equisetifolia|Casuarina equisetifolia incana|Casuarina equisetifolia typica|Casuarina litorea,GBIF: https://www.gbif.org/species/2891930; Wikidata: http://www.wikidata.org/entity/Q857220
merbau,Intsia bijuga,Merbau,Borneo Teak,Plantae,Tracheophyta,Magnoliopsida,Fabales,Fabaceae,Intsia,Magnoliopsida,Afzelia bijuga|Afzelia cambodiensis|Intsia bijuga glabra|Intsia moeleri|Macrolobium bijugum,GBIF: https://www.gbif.org/species/2963211; Wikidata: http://www.wikidata.org/entity/Q12700996
beringin,Ficus benjamina,Beringin,weeping fig,Plantae,Tracheophyta,Magnoliopsida,Rosales,Moraceae,Ficus,Magnoliopsida,Ficus benjamina warringiana|Ficus benjamina benjamina|Ficus benjamina bracteata|Ficus benjamina comosa,GBIF: https://www.gbif.org/species/5361932; Wikidata: http://www.wikidata.org/entity/Q275160
jati,Tectona grandis,Jati,Teak,Plantae,Tracheophyta,Magnoliopsida,Lamiales,Lamiaceae,Tectona,Magnoliopsida,Jatus grandis|Tectona grandis abludens|Tectona grandis canescens|Tectona grandis pilosula|Tectona grandis punctata,GBIF: https://www.gbif.org/species/2925649; Wikidata: http://www.wikidata.org/entity/Q156938
mahoni_daun_besar,Swietenia macrophylla,Mahoni,Big Leaf Mahogany,Plantae,Tracheophyta,Magnoliopsida,Sapindales,Meliaceae,Swietenia,Magnoliopsida,Swietenia belizensis|Swietenia candollei|Swietenia krukovii|Swietenia macrophylla marabaensis|Swietenia tesomannii,GBIF: https://www.gbif.org/species/3190484; Wikidata: http://www.wikidata.org/entity/Q12955947
melinjo,Gnetum gnemon,Melinjo,buko,Plantae,Tracheophyta,Gnetopsida,Gnetales,Gnetaceae,Gnetum,Gnetopsida,Gnetum domesticum|Gnetum gnemon domesticum|Gnetum gnemon laurinum|Gnetum gnemon lucidum,GBIF: https://www.gbif.org/species/2653133; Wikidata: http://www.wikidata.org/entity/Q72368
petai,Parkia speciosa,petai,Stink bean,Plantae,Tracheophyta,Magnoliopsida,Fabales,Fabaceae,Parkia,Magnoliopsida,Acacia gigantea|Acacia graveolens|Inga pyriformis|Mimosa pedunculata,GBIF: https://www.gbif.org/species/5348811; Wikidata: http://www.wikidata.org/entity/Q311088
jengkol,Archidendron pauciflorum,jengkol,Djenkol Tree,Plantae,Tracheophyta,Magnoliopsida,Fabales,Fabaceae,Archidendron,Magnoliopsida,Abarema malinoensis pauciflorum|Abarema pauciflora|Pithecellobium pauciflorum,GBIF: https://www.gbif.org/species/2941485; Wikidata: http://www.wikidata.org/entity/Q3503085
kecombrang,Etlingera elatior,Kecombrang,Torch Ginger,Plantae,Tracheophyta,Liliopsida,Zingiberales,Zingiberaceae,Etlingera,Liliopsida,Alpinia acrostachya|Alpinia diracodes|Alpinia elatior|Alpinia javanica|Alpinia magnifica,GBIF: https://www.gbif.org/species/2759896; Wikidata: http://www.wikidata.org/entity/Q3442435
jahe,Zingiber officinale,jahe,ginger,Plantae,Tracheophyta,Liliopsida,Zingiberales,Zingiberaceae,Zingiber,Liliopsida,Amomum angustifolium|Amomum zingiber|Amomum zinziba|Curcuma longifolia|Zingiber aromaticum,GBIF: https://www.gbif.org/species/2757280; Wikidata: http://www.wikidata.org/entity/Q35625
kunyit,Curcuma longa,kunyit,Turmeric,Plantae,Tracheophyta,Liliopsida,Zingiberales,Zingiberaceae,Curcuma,Liliopsida,Amomum curcuma|Curcuma brog|Curcuma domestica,GBIF: https://www.gbif.org/species/2757624; Wikidata: http://www.wikidata.org/entity/Q42562
lengkuas,Alpinia galanga,lengkuas,greater galangal,Plantae,Tracheophyta,Liliopsida,Zingiberales,Zingiberaceae,Alpinia,Liliopsida,Alpinia alba|Alpinia bifida|Alpinia carnea|Alpinia galanga pyramidata|Alpinia galanga galanga,GBIF: https://www.gbif.org/species/5302225; Wikidata: http://www.wikidata.org/entity/Q402971
serai,Cymbopogon citratus,serai,Lemon Grass,Plantae,Tracheophyta,Liliopsida,Poales,Poaceae,Cymbopogon,Liliopsida,Andropogon cerifer|Andropogon ceriferus|Andropogon citratus|Andropogon citriodorus,GBIF: https://www.gbif.org/species/2705275; Wikidata: http://www.wikidata.org/entity/Q33913
pandan_wangi,Pandanus amaryllifolius,pandan wangi,Fragrant Pandan,Plantae,Tracheophyta,Liliopsida,Pandanales,Pandanaceae,Pandanus,Liliopsida,Pandanus hasskarlii|Pandanus latifolius|Pandanus latifolius minor|Pandanus odorus,GBIF: https://www.gbif.org/species/9296315; Wikidata: http://www.wikidata.org/entity/Q311090
belimbing,Averrhoa carambola,Belimbing,star fruit,Plantae,Tracheophyta,Magnoliopsida,Oxalidales,Oxalidaceae,Averrhoa,Magnoliopsida,Averrhoa acutangula|Averrhoa microphylla|Averrhoa pentandra|Connaropsis philippica|Sarcotheca philippica,GBIF: https://www.gbif.org/species/2891641; Wikidata: http://www.wikidata.org/entity/Q159447
manggis,Garcinia mangostana,Manggis,Mangosteen,Plantae,Tracheophyta,Magnoliopsida,Malpighiales,Clusiaceae,Garcinia,Magnoliopsida,Mangostana garcinia,GBIF: https://www.gbif.org/species/3189571; Wikidata: http://www.wikidata.org/entity/Q170662
duku,Lansium domesticum,Duku,langsat,Plantae,Tracheophyta,Magnoliopsida,Sapindales,Meliaceae,Lansium,Magnoliopsida,Aglaia aquea|Aglaia domestica|Aglaia dookoo|Aglaia intricatoreticulata|Aglaia merrillii,GBIF: https://www.gbif.org/species/3190478; Wikidata: http://www.wikidata.org/entity/Q860731
rambutan,Nephelium lappaceum,rambutan,pulasan,Plantae,Tracheophyta,Magnoliopsida,Sapindales,Sapindaceae,Nephelium,Magnoliopsida,Dimocarpus crinitus|Euphoria chrysea|Euphoria crinita|Euphoria glabra,GBIF: https://www.gbif.org/species/5421126; Wikidata: http://www.wikidata.org/entity/Q476864
salak,Salacca zalacca,salak,Snakefruit,Plantae,Tracheophyta,Liliopsida,Arecales,Arecaceae,Salacca,Liliopsida,Calamus salakka|Calamus zalacca|Salacca blumeana|Salacca edulis,GBIF: https://www.gbif.org/species/2731764; Wikidata: http://www.wikidata.org/entity/Q840615
bakau_minyak,Rhizophora apiculata,Bakau minyak,mangrove,Plantae,Tracheophyta,Magnoliopsida,Malpighiales,Rhizophoraceae,Rhizophora,Magnoliopsida,Rhizophora candelaria|Rhizophora conjugata,GBIF: https://www.gbif.org/species/3086526; Wikidata: http://www.wikidata.org/entity/Q920906
ketapang,Terminalia catappa,Ketapang,India almond,Plantae,Tracheophyta,Magnoliopsida,Myrtales,Combretaceae,Terminalia,Magnoliopsida,Buceras catappa|Bucida buceras|Juglans catappa|Myrobalanus badamia,GBIF: https://www.gbif.org/species/3189394; Wikidata: http://www.wikidata.org/entity/Q271179
kucing,Felis catus,Kucing Domestik,Domestic Cat,Animalia,Chordata,Mammalia,Carnivora,Felidae,Felis,Mammalia,Felis catus domestica|Felis domesticus|Felis lybica domestica|Felis maniculata|Felis maniculata domestica,GBIF: https://www.gbif.org/species/2435035; Wikidata: http://www.wikidata.org/entity/Q20980826
harimau,Panthera tigris,harimau,tiger,Animalia,Chordata,Mammalia,Carnivora,Felidae,Panthera,Mammalia,Felis tigris,GBIF: https://www.gbif.org/species/5219416; Wikidata: http://www.wikidata.org/entity/Q19939
orangutan_sumatra,Pongo abelii,Orangutan sumatera,Sumatran orangutan,Animalia,Chordata,Mammalia,Primates,Hominidae,Pongo,Mammalia,Pithecus satyrus abelii|Pithecus satyrus abongensis|Pithecus satyrus deliensis|Pithecus satyrus langkatensis|Simia abelii,GBIF: https://www.gbif.org/species/5707420; Wikidata: http://www.wikidata.org/entity/Q543424
orangutan_kalimantan,Pongo pygmaeus,Orangutan kalimantan,Bornean orangutan,Animalia,Chordata,Mammalia,Primates,Hominidae,Pongo,Mammalia,Simia pygmaeus,GBIF: https://www.gbif.org/species/5219532; Wikidata: http://www.wikidata.org/entity/Q599672
komodo,Varanus komodoensis,komodo,Komodo dragon,Animalia,Chordata,Reptilia,Squamata,Varanidae,Varanus,Reptilia,-,GBIF: https://www.gbif.org/species/2470854; Wikidata: http://www.wikidata.org/entity/Q4504
jalak_bali,Leucopsar rothschildi,jalak bali,Bali Myna,Animalia,Chordata,Aves,Passeriformes,Sturnidae,Leucopsar,Aves,-,GBIF: https://www.gbif.org/species/2489068; Wikidata: http://www.wikidata.org/entity/Q756868
elang_jawa,Nisaetus bartelsi,Elang jawa,Javan hawk-eagle,Animalia,Chordata,Aves,Accipitriformes,Accipitridae,Nisaetus,Aves,Spizaetus bartelsi,GBIF: https://www.gbif.org/species/5788506; Wikidata: http://www.wikidata.org/entity/Q795558
babirusa_sulawesi,Babyrousa celebensis,Babirusa sulawesi-utara,North Sulawesi babirusa,Animalia,Chordata,Mammalia,Artiodactyla,Suidae,Babyrousa,Mammalia,Babirussa celebensis|Babyrousa babyrussa celebensis|Babyrousa babyrussa merkusi|Babyrousa merkusi,GBIF: https://www.gbif.org/species/4262912; Wikidata: http://www.wikidata.org/entity/Q1934992
maleo,Macrocephalon maleo,maleo senkawor,Maleo,Animalia,Chordata,Aves,Galliformes,Megapodiidae,Macrocephalon,Aves,-,GBIF: https://www.gbif.org/species/2482154; Wikidata: http://www.wikidata.org/entity/Q836291
gajah_sumatra,Elephas maximus,Gajah Asia,Asian elephant,Animalia,Chordata,Mammalia,Proboscidea,Elephantidae,Elephas,Mammalia,Elephas asiaticus|Elephas gigas,GBIF: https://www.gbif.org/species/5219461; Wikidata: http://www.wikidata.org/entity/Q133006
badak_jawa,Rhinoceros sondaicus,Badak Sunda,Javan rhinoceros,Animalia,Chordata,Mammalia,Perissodactyla,Rhinocerotidae,Rhinoceros,Mammalia,-,GBIF: https://www.gbif.org/species/5220112; Wikidata: http://www.wikidata.org/entity/Q170311
badak_sumatra,Dicerorhinus sumatrensis,badak sumatra,Sumatran rhinoceros,Animalia,Chordata,Mammalia,Perissodactyla,Rhinocerotidae,Dicerorhinus,Mammalia,Didermocerus sumatrensis|Rhinoceros crossii|Rhinoceros sumatrensis,GBIF: https://www.gbif.org/species/2440878; Wikidata: http://www.wikidata.org/entity/Q29220
bekantan,Nasalis larvatus,bekantan,Proboscis Monkey,Animalia,Chordata,Mammalia,Primates,Cercopithecidae,Nasalis,Mammalia,Cercopithecus larvatus|Cercopithecus nasica|Nasalis capistratus|Nasalis larvatus orientalis|Nasalis nasica,GBIF: https://www.gbif.org/species/2436525; Wikidata: http://www.wikidata.org/entity/Q192029
yaki,Macaca nigra,monyet hitam sulawesi,Celebes Crested Macaque,Animalia,Chordata,Mammalia,Primates,Cercopithecidae,Macaca,Mammalia,Cynocephalus malayanus|Cynocephalus niger|Cynopithecus lembicus|Cynopithecus niger|Macaca lembicus,GBIF: https://www.gbif.org/species/2436616; Wikidata: http://www.wikidata.org/entity/Q280590
tangkasi,Tarsius tarsier,Tangkasi,Spectral tarsier,Animalia,Chordata,Mammalia,Primates,Tarsiidae,Tarsius,Mammalia,Didelphys macrotarsos|Lemur podje|Lemur spectrum|Lemur tarsier|Macrotarsus buffonii,GBIF: https://www.gbif.org/species/4266949; Wikidata: http://www.wikidata.org/entity/Q859277
anoa_dataran_rendah,Bubalus depressicornis,Anoa Dataran Rendah,Lowland Anoa,Animalia,Chordata,Mammalia,Artiodactyla,Bovidae,Bubalus,Mammalia,Anoa depressicornis|Bos bubalus anoa|Bubalus anoa,GBIF: https://www.gbif.org/species/8085503; Wikidata: http://www.wikidata.org/entity/Q317393
anoa_pegunungan,Bubalus quarlesi,anoa pegunungan,mountain anoa,Animalia,Chordata,Mammalia,Artiodactyla,Bovidae,Bubalus,Mammalia,Anoa quarlesi,GBIF: https://www.gbif.org/species/7846959; Wikidata: http://www.wikidata.org/entity/Q769957
babi_sulawesi,Sus celebensis,Babi varu,Celebes warty pig,Animalia,Chordata,Mammalia,Artiodactyla,Suidae,Sus,Mammalia,-,GBIF: https://www.gbif.org/species/2441221; Wikidata: http://www.wikidata.org/entity/Q535406
beruang_madu,Helarctos malayanus,Beruang madu,Sun Bear,Animalia,Chordata,Mammalia,Carnivora,Ursidae,Helarctos,Mammalia,Helarctos euryspilus|Ursus malayanus,GBIF: https://www.gbif.org/species/2433403; Wikidata: http://www.wikidata.org/entity/Q144923
macan_dahan_sunda,Neofelis diardi,Macan dahan Sunda,Sunda clouded leopard,Animalia,Chordata,Mammalia,Carnivora,Felidae,Neofelis,Mammalia,Felis diardi|Neofelis nebulosa diardi,GBIF: https://www.gbif.org/species/5787229; Wikidata: http://www.wikidata.org/entity/Q275163
kucing_kuwuk,Prionailurus bengalensis,Kucing kuwuk,leopard cat,Animalia,Chordata,Mammalia,Carnivora,Felidae,Prionailurus,Mammalia,Felis bengalensis,GBIF: https://www.gbif.org/species/2434903; Wikidata: http://www.wikidata.org/entity/Q42627
ajag,Cuon alpinus,Ajak,dhole,Animalia,Chordata,Mammalia,Carnivora,Canidae,Cuon,Mammalia,Canis alpinus,GBIF: https://www.gbif.org/species/2434317; Wikidata: http://www.wikidata.org/entity/Q132585
rusa_timor,Rusa timorensis,Rusa Jawa,Javan rusa,Animalia,Chordata,Mammalia,Artiodactyla,Cervidae,Rusa,Mammalia,Cervus celebensis|Cervus hippelaphus|Cervus lepidus|Cervus peronii|Cervus tavistocki,GBIF: https://www.gbif.org/species/4262397; Wikidata: http://www.wikidata.org/entity/Q663412
rusa_bawean,Axis kuhlii,Rusa Bawean,Bawean Deer,Animalia,Chordata,Mammalia,Artiodactyla,Cervidae,Axis,Mammalia,Axis kuhlii|Axis porcinus kuhli|Cervus kuhlii,GBIF: https://www.gbif.org/species/5220129; Wikidata: http://www.wikidata.org/entity/Q221342
banteng,Bos javanicus,Banteng,Banteng,Animalia,Chordata,Mammalia,Artiodactyla,Bovidae,Bos,Mammalia,Bos banteng|Bos birmanicus|Bos lowi,GBIF: https://www.gbif.org/species/2441027; Wikidata: http://www.wikidata.org/entity/Q183035
trenggiling,Manis javanica,Trenggiling biasa,Sunda pangolin,Animalia,Chordata,Mammalia,Pholidota,Manidae,Manis,Mammalia,-,GBIF: https://www.gbif.org/species/5219628; Wikidata: http://www.wikidata.org/entity/Q269728
binturong,Arctictis binturong,Binturung,binturong,Animalia,Chordata,Mammalia,Carnivora,Viverridae,Arctictis,Mammalia,Ictides albifrons|Ictides ater|Paradoxurus albifrons|Viverra binturong,GBIF: https://www.gbif.org/species/2434615; Wikidata: http://www.wikidata.org/entity/Q213141
kuskus_beruang_sulawesi,Ailurops ursinus,kuskus beruang sulawesi,Bear Cuscus,Animalia,Chordata,Mammalia,Diprotodontia,Phalangeridae,Ailurops,Mammalia,? ursinus|Phalanger ursinus,GBIF: https://www.gbif.org/species/5219990; Wikidata: http://www.wikidata.org/entity/Q209755
kuskus_tutul,Spilocuscus maculatus,Kuskus Tutul,Common spotted cuscus,Animalia,Chordata,Mammalia,Diprotodontia,Phalangeridae,Spilocuscus,Mammalia,Phalanger maculatus|Phalangista maculata|Spilocuscus maculatus,GBIF: https://www.gbif.org/species/9818309; Wikidata: http://www.wikidata.org/entity/Q209548
cenderawasih_besar,Paradisaea apoda,cenderawasih kuning-besar,Greater Bird-of-paradise,Animalia,Chordata,Aves,Passeriformes,Paradisaeidae,Paradisaea,Aves,-,GBIF: https://www.gbif.org/species/2494862; Wikidata: http://www.wikidata.org/entity/Q325356
cenderawasih_kecil,Paradisaea minor,cenderawasih kuning-kecil,Lesser Bird-of-paradise,Animalia,Chordata,Aves,Passeriformes,Paradisaeidae,Paradisaea,Aves,-,GBIF: https://www.gbif.org/species/2494859; Wikidata: http://www.wikidata.org/entity/Q332621
cenderawasih_raja,Cicinnurus regius,cenderawasih raja,King Bird-of-paradise,Animalia,Chordata,Aves,Passeriformes,Paradisaeidae,Cicinnurus,Aves,Paradisaea regia,GBIF: https://www.gbif.org/species/2494913; Wikidata: http://www.wikidata.org/entity/Q795507
kakatua_kecil_jambul_kuning,Cacatua sulphurea,kakatua-kecil jambul-kuning,Yellow-crested Cockatoo,Animalia,Chordata,Aves,Psittaciformes,Psittacidae,Cacatua,Aves,Cacatura sulphurea|Psittacus sulphureus,GBIF: https://www.gbif.org/species/2479893; Wikidata: http://www.wikidata.org/entity/Q372906
kakatua_raja,Probosciger aterrimus,kakatua raja,Palm Cockatoo,Animalia,Chordata,Aves,Psittaciformes,Psittacidae,Probosciger,Aves,Probosciger aterrinus|Psittacus aterrimus,GBIF: https://www.gbif.org/species/2479187; Wikidata: http://www.wikidata.org/entity/Q31501
nuri_kepala_hitam,Lorius lory,kasturi kepala-hitam,Black-capped Lory,Animalia,Chordata,Aves,Psittaciformes,Psittacidae,Lorius,Aves,Psittacus lory,GBIF: https://www.gbif.org/species/2479418; Wikidata: http://www.wikidata.org/entity/Q569758
nuri_merah,Eos bornea,nuri maluku,Red Lory,Animalia,Chordata,Aves,Psittaciformes,Psittacidae,Eos,Aves,Eos borneo borneo|Eos rubra|Psittacus borneus,GBIF: https://www.gbif.org/species/2479486; Wikidata: http://www.wikidata.org/entity/Q850931
tiong_emas,Gracula religiosa,tiong emas,Common Hill Myna,Animalia,Chordata,Aves,Passeriformes,Sturnidae,Gracula,Aves,-,GBIF: https://www.gbif.org/species/2488999; Wikidata: http://www.wikidata.org/entity/Q337416
rangkong_badak,Buceros rhinoceros,Rangkong badak,Rhinoceros Hornbill,Animalia,Chordata,Aves,Bucerotiformes,Bucerotidae,Buceros,Aves,-,GBIF: https://www.gbif.org/species/2476004; Wikidata: http://www.wikidata.org/entity/Q751036
rangkong_gading,Rhinoplax vigil,Rangkong gading,Helmeted Hornbill,Animalia,Chordata,Aves,Bucerotiformes,Bucerotidae,Rhinoplax,Aves,Buceros vigil,GBIF: https://www.gbif.org/species/2475951; Wikidata: http://www.wikidata.org/entity/Q226043
buaya_muara,Crocodylus porosus,Buaya muara,Saltwater Crocodile,Animalia,Chordata,Crocodylia,Crocodilia,Crocodylidae,Crocodylus,Crocodylia,Crocodilus biporcatus|Crocodilus biporcatus raninus|Crocodilus oopholis|Crocodylus natans|Crocodylus nathani,GBIF: https://www.gbif.org/species/2441333; Wikidata: http://www.wikidata.org/entity/Q182599
buaya_siam,Crocodylus siamensis,Buaya Siam,Siamese crocodile,Animalia,Chordata,Crocodylia,Crocodilia,Crocodylidae,Crocodylus,Crocodylia,Crocodilus galeatus|Crocodylus ossifragus,GBIF: https://www.gbif.org/species/2441348; Wikidata: http://www.wikidata.org/entity/Q208277
penyu_hijau,Chelonia mydas,Penyu hijau,Green Turtle,Animalia,Chordata,Reptilia,Testudines,Cheloniidae,Chelonia,Reptilia,Caretta cepedii|Caretta esculenta|Caretta spec|Caretta thunbergi|Chelone mydas,GBIF: https://www.gbif.org/species/2442225; Wikidata: http://www.wikidata.org/entity/Q199458
penyu_sisik,Eretmochelys imbricata,Penyu sisik,hawksbill sea turtle,Animalia,Chordata,Reptilia,Testudines,Cheloniidae,Eretmochelys,Reptilia,Caretta bissa|Caretta rostrata|Caretta squamosa|Chelone imbricata|Chelonia griseam,GBIF: https://www.gbif.org/species/8841716; Wikidata: http://www.wikidata.org/entity/Q203538
sanca_kembang,Malayopython reticulatus,Ular sanca kembang,Reticulated python,Animalia,Chordata,Reptilia,Squamata,Pythonidae,Malayopython,Reptilia,Boa phrygia|Boa reticulata|Boa rhombeata|Broghammerius reticulatus|Broghammerius reticulatus dalegibbonsi,GBIF: https://www.gbif.org/species/9260388; Wikidata: http://www.wikidata.org/entity/Q216136
ular_sendok_jawa,Naja sputatrix,Ular sendok jawa,Javan spitting cobra,Animalia,Chordata,Reptilia,Squamata,Elapidae,Naja,Reptilia,Naja leptocoryphaea,GBIF: https://www.gbif.org/species/2470370; Wikidata: http://www.wikidata.org/entity/Q2703580
duyung,Dugong dugon,Dugong,dugong,Animalia,Chordata,Mammalia,Sirenia,Dugongidae,Dugong,Mammalia,Dugong dugon|Dugong dugon dugon|Dugong dugon hemprichii|Dugong dugon tabernaculi|Dugong dugong,GBIF: https://www.gbif.org/species/9729967; Wikidata: http://www.wikidata.org/entity/Q129544
ikan_raja_laut,Latimeria menadoensis,Coelacanth Indonesia,Sulawesi Coelacanth,Animalia,Chordata,Coelacanthi,Coelacanthiformes,Latimeriidae,Latimeria,Coelacanthi,-,GBIF: https://www.gbif.org/species/2441276; Wikidata: http://www.wikidata.org/entity/Q1156533
arwana_asia,Scleropages formosus,Arwana Asia,Asian arowana,Animalia,Chordata,Teleostei,Osteoglossiformes,Osteoglossidae,Scleropages,Teleostei,Osteoglossum formosum|Scleropages aureus|Scleropages legendrei|Scleropages macrocephalus,GBIF: https://www.gbif.org/species/2402231; Wikidata: http://www.wikidata.org/entity/Q728584
kupu_kupu_sayap_burung_wallace,Ornithoptera croesus,Kupu Kupu Sayap Burung Wallace,Wallace's Golden Birdwing,Animalia,Arthropoda,Insecta,Lepidoptera,Papilionidae,Ornithoptera,Insecta,Ornithoptera croesus toeantei|Ornithoptera croesus wallacei,GBIF: https://www.gbif.org/species/1937481; Wikidata: http://www.wikidata.org/entity/Q1757731
kupu_kupu_sayap_burung_surga,Ornithoptera paradisea,Kupu-kupu sayap-burung surga,Paradise Birdwing,Animalia,Arthropoda,Insecta,Lepidoptera,Papilionidae,Ornithoptera,Insecta,Troides paradisea|Troides paradiseus caliginosa,GBIF: https://www.gbif.org/species/1937484; Wikidata: http://www.wikidata.org/entity/Q1756827
