id,nama_latin,nama_indonesia,nama_inggris,kingdom,kelas,ordo,family,genus,kategori,habitat,deskripsi,sinonim_ilmiah,status_endemik,sumber_data
rafflesia_arnoldii,Rafflesia arnoldi,Patma raksasa,Corpse lily,Plantae,Magnoliopsida,Malpighiales,Rafflesiaceae,Rafflesia,Bunga parasit,Hutan hujan Sumatra,Puspa Langka,Rafflesia titan,Endemik Indonesia,GBIF: https://www.gbif.org/species/7279683; Wikidata: http://www.wikidata.org/entity/Q161888
bunga_bangkai_raksasa,Amorphophallus titanum,Bunga bangkai,Titan arum,Plantae,Liliopsida,Alismatales,Araceae,Amorphophallus,Bunga majemuk,Hutan hujan Sumatra,Bunga bangkai raksasa adalah entri leksikon flora Indonesia kategori Bunga majemuk dengan habitat utama Hutan hujan Sumatra. Status endemik: Endemik Indonesia.,Amorphophallus selebicus|Amorphophallus titanum|Conophallus titanum,Endemik Indonesia,GBIF: https://www.gbif.org/species/2871508; Wikidata: http://www.wikidata.org/entity/Q431224
meranti_merah,Shorea leprosula,Meranti Bunga,Light red meranti,Plantae,Magnoliopsida,Malvales,Dipterocarpaceae,Shorea,Pohon,Hutan dipterokarpa,Meranti merah adalah entri leksikon flora Indonesia kategori Pohon dengan habitat utama Hutan dipterokarpa. Status endemik: Tidak endemik.,Hopea maranti|Shorea astrosticta|Shorea maranti,Tidak endemik,GBIF: https://www.gbif.org/species/4097193; Wikidata: http://www.wikidata.org/entity/Q3017429
ulin,Eusideroxylon zwageri,Ulin,Bornean ironwood,Plantae,Magnoliopsida,Laurales,Lauraceae,Eusideroxylon,Pohon,Hutan Kalimantan dan Sumatra,spesies tumbuhan yang berasal dari Asia Tenggara,Bihania borneensis|Cinnamomum borneense|Cryptocarya laurifolia|Eusideroxylon borneense|Salgada laurifolia,Tidak endemik,GBIF: https://www.gbif.org/species/3033968; Wikidata: http://www.wikidata.org/entity/Q5227722
cendana,Santalum album,Cendana,Sandalwood,Plantae,Magnoliopsida,Santalales,Santalaceae,Santalum,Pohon,Hutan kering dan savana,Sejenis Kayu Langka yang biasa dibakar untuk mengeluarkan bau yang wangi.,Santalum ellipticum|Santalum myrtifolium|Santalum ovatum,Tidak endemik,GBIF: https://www.gbif.org/species/2889785; Wikidata: http://www.wikidata.org/entity/Q210858
pala,Myristica fragrans,Pala,Nutmeg,Plantae,Magnoliopsida,Magnoliales,Myristicaceae,Myristica,Pohon,Hutan tropis Maluku,Pala adalah entri leksikon flora Indonesia kategori Pohon dengan habitat utama Hutan tropis Maluku. Status endemik: Asli Indonesia Timur.,Aruana silvestris|Myristica amboinensis|Myristica americana|Myristica aromatica,Asli Indonesia Timur,GBIF: https://www.gbif.org/species/5406817; Wikidata: http://www.wikidata.org/entity/Q2724976
sagu,Metroxylon sagu,Rumbia,Sago palm,Plantae,Liliopsida,Arecales,Arecaceae,Metroxylon,Palem,Rawa dan lahan basah,Sagu adalah entri leksikon flora Indonesia kategori Palem dengan habitat utama Rawa dan lahan basah. Status endemik: Tidak endemik.,Metroxylon hermaphroditum|Metroxylon inerme|Metroxylon laeve|Metroxylon longispinum|Metroxylon micracanthum,Tidak endemik,GBIF: https://www.gbif.org/species/2733781; Wikidata: http://www.wikidata.org/entity/Q164088
anggrek_bulan,Phalaenopsis amabilis,Anggrek bulan,Moon orchid,Plantae,Liliopsida,Asparagales,Orchidaceae,Phalaenopsis,Anggrek,Hutan tropis lembap,tanaman,Cymbidium amabile|Epidendrum amabile|Phalaenopsis amabilis ramosa|Synadena amabilis,Tidak endemik,GBIF: https://www.gbif.org/species/5311007; Wikidata: http://www.wikidata.org/entity/Q1069597
durian,Durio zibethinus,Durian,Durian,Plantae,Magnoliopsida,Malvales,Malvaceae,Durio,Pohon buah,Hutan tropis dataran rendah,tumbuhan tropis,Durio acuminatissima|Durio stercoraceus,Tidak endemik,GBIF: https://www.gbif.org/species/3152230; Wikidata: http://www.wikidata.org/entity/Q1135236
kantong_semar,Nepenthes gymnamphora,Kantong semar,Pitcher plant,Plantae,Magnoliopsida,Caryophyllales,Nepenthaceae,Nepenthes,Tumbuhan karnivora,Hutan pegunungan lembap,Kantong semar adalah entri leksikon flora Indonesia kategori Tumbuhan karnivora dengan habitat utama Hutan pegunungan lembap. Status endemik: Endemik Indonesia.,Nepenthes glabra|Nepenthes gymnamphora|Nepenthes gymnamphora haematamphora|Nepenthes melamphora,Endemik Indonesia,GBIF: https://www.gbif.org/species/3702020; Wikidata: http://www.wikidata.org/entity/Q4189835
mangga,Mangifera indica,mangga,Mango,Plantae,Magnoliopsida,Sapindales,Anacardiaceae,Mangifera,Pohon buah,Kebun dan hutan tropis,Sejenis tumbuhan yang berbuah,Mangifera amba|Mangifera anisodora|Mangifera austroyunnanensis|Mangifera balba,Tidak endemik,GBIF: https://www.gbif.org/species/3190638; Wikidata: http://www.wikidata.org/entity/Q3919027
kelapa,Cocos nucifera,kelapa,Coconut,Plantae,Liliopsida,Arecales,Arecaceae,Cocos,Palem,Pesisir dan kebun tropis,tumbuhan,Calappa nucifera|Cocos indica|Cocos mamillaris|Cocos nana|Cocos nucifera palmyrensis,Tidak endemik,GBIF: https://www.gbif.org/species/2735117; Wikidata: http://www.wikidata.org/entity/Q13187
pisang,Musa acuminata,Pisang,Wild banana,Plantae,Liliopsida,Zingiberales,Musaceae,Musa,Herba buah,Hutan dan kebun tropis,Pisang adalah entri leksikon flora Indonesia kategori Herba buah dengan habitat utama Hutan dan kebun tropis. Status endemik: Tidak endemik.,Musa acuminata burmannicoides|Musa brieyi|Musa cavendishii|Musa chinensis,Tidak endemik,GBIF: https://www.gbif.org/species/2762680; Wikidata: http://www.wikidata.org/entity/Q132970
padi,Oryza sativa,padi,oryza molida,Plantae,Liliopsida,Poales,Poaceae,Oryza,Tanaman pangan,Sawah dan lahan basah,spesies tanaman,Oryza aristata|Oryza communissima|Oryza denudata|Oryza elongata|Oryza formosana,Tidak endemik,GBIF: https://www.gbif.org/species/2703459; Wikidata: http://www.wikidata.org/entity/Q161426
kopi_robusta,Coffea canephora,Robusta,Robusta coffee,Plantae,Magnoliopsida,Gentianales,Rubiaceae,Coffea,Tanaman perkebunan,Perkebunan tropis,variasi jenis kopi di Indonesia,Coffea arabica stuhlmannii|Coffea bukobensis|Coffea canephora|Coffea canephora sankuruensis,Tidak endemik,GBIF: https://www.gbif.org/species/2895528; Wikidata: http://www.wikidata.org/entity/Q47532
kopi_arabika,Coffea arabica,Kopi arabika,Arabica coffee,Plantae,Magnoliopsida,Gentianales,Rubiaceae,Coffea,Tanaman perkebunan,Perkebunan dataran tinggi,variasi jenis kopi di Etiopia,Coffea arabica abyssinica|Coffea arabica amarella|Coffea arabica angustifolia|Coffea arabica bourbon,Tidak endemik,GBIF: https://www.gbif.org/species/2895345; Wikidata: http://www.wikidata.org/entity/Q47685
kakao,Theobroma cacao,Kakao,cacao,Plantae,Magnoliopsida,Malvales,Malvaceae,Theobroma,Pohon perkebunan,Perkebunan tropis,spesies tumbuhan Meksiko,Cacao minar|Theobroma cocao|Theobroma kalagua|Theobroma pentogona,Tidak endemik,GBIF: https://www.gbif.org/species/3152205; Wikidata: http://www.wikidata.org/entity/Q42385
cengkih,Syzygium aromaticum,Cengkih,clove,Plantae,Magnoliopsida,Myrtales,Myrtaceae,Syzygium,Pohon rempah,Kebun dan hutan tropis,Spesies tanaman,Caryophyllus aromaticus|Caryophyllus hortensis|Caryophyllus silvestris|Eugenia aromatica,Asli Indonesia Timur,GBIF: https://www.gbif.org/species/3183002; Wikidata: http://www.wikidata.org/entity/Q26736
lada,Piper nigrum,lada,black pepper,Plantae,Magnoliopsida,Piperales,Piperaceae,Piper,Tanaman rempah,Perkebunan tropis,spesies tumbuhan,Muldera multinervis|Muldera wightiana|Piper aromaticum|Piper baccatum|Piper colonum,Tidak endemik,GBIF: https://www.gbif.org/species/3086357; Wikidata: http://www.wikidata.org/entity/Q43084
kayu_manis,Cinnamomum burmanni,Cinnamomum burmannii,Indonesian cinnamon,Plantae,Magnoliopsida,Laurales,Lauraceae,Cinnamomum,Pohon rempah,Hutan dan perkebunan,Kayu manis adalah entri leksikon flora Indonesia kategori Pohon rempah dengan habitat utama Hutan dan perkebunan. Status endemik: Tidak endemik.,Cinnamomum ammannii|Cinnamomum burmannii chinense|Cinnamomum burmannii kiamis|Cinnamomum cassia|Cinnamomum chinense,Tidak endemik,GBIF: https://www.gbif.org/species/3033985; Wikidata: http://www.wikidata.org/entity/Q4115136
kemiri,Aleurites moluccanus,Kemiri,Candlenut,Plantae,Magnoliopsida,Malpighiales,Euphorbiaceae,Aleurites,Pohon,Hutan dan kebun tropis,Tumbuhan berbiji dimanfaatkan sebagai rempah-rempah,Aleurites ambinux|Aleurites angustifolius|Aleurites commutatus|Aleurites cordifolius,Tidak endemik,GBIF: https://www.gbif.org/species/4930679; Wikidata: http://www.wikidata.org/entity/Q1160961
nangka,Artocarpus heterophyllus,Nangka,Jackfruit,Plantae,Magnoliopsida,Rosales,Moraceae,Artocarpus,Pohon buah,Kebun dan hutan tropis,spesies tumbuhan bergenus Artocarpus,Artocarpus brasiliensis|Artocarpus grandis|Artocarpus integra,Tidak endemik,GBIF: https://www.gbif.org/species/2984565; Wikidata: http://www.wikidata.org/entity/Q45757
sukun,Artocarpus altilis,Sukun,breadfruit,Plantae,Magnoliopsida,Rosales,Moraceae,Artocarpus,Pohon buah,Kebun tropis,Sukun adalah entri leksikon flora Indonesia kategori Pohon buah dengan habitat utama Kebun tropis. Status endemik: Tidak endemik.,Artocarpus altilis|Artocarpus altilis non-seminifer|Artocarpus altilis non-seminiferus|Artocarpus altilis seminifer|Artocarpus altilis seminiferus,Tidak endemik,GBIF: https://www.gbif.org/species/2984573; Wikidata: http://www.wikidata.org/entity/Q14677
pinang,Areca catechu,Pinang,Areca palm,Plantae,Liliopsida,Arecales,Arecaceae,Areca,Palem,Kebun dan hutan tropis,Spesies tumbuhan dalam keluarga Arecaceae,Areca catechu communis|Areca catechu alba|Areca catechu batanensis|Areca catechu longicarpa|Areca catechu nigra,Tidak endemik,GBIF: https://www.gbif.org/species/2736531; Wikidata: http://www.wikidata.org/entity/Q156969
nipah,Nypa fruticans,Nipah,Nipa palm,Plantae,Liliopsida,Arecales,Arecaceae,Nypa,Palem mangrove,Muara dan hutan mangrove,Jenis Tumbuhan,Cocos nypa|Nipa arborescens|Nipa fruticans|Nipa fruticans neameana,Tidak endemik,GBIF: https://www.gbif.org/species/2738422; Wikidata: http://www.wikidata.org/entity/Q843726
pandan_laut,Pandanus tectorius,Pandan Pudak,Screw pine,Plantae,Liliopsida,Pandanales,Pandanaceae,Pandanus,Pohon pesisir,Pesisir tropis,Pandan laut adalah entri leksikon flora Indonesia kategori Pohon pesisir dengan habitat utama Pesisir tropis. Status endemik: Tidak endemik.,Corypha laevis|Pandanus absonus|Pandanus adscendens|Pandanus aequor|Pandanus aitutakiensis,Tidak endemik,GBIF: https://www.gbif.org/species/8023236; Wikidata: http://www.wikidata.org/entity/Q312736
pulai,Alstonia scholaris,Pulai,Blackboard tree,Plantae,Magnoliopsida,Gentianales,Apocynaceae,Alstonia,Pohon,Hutan tropis,Spesies tumbuhan berbunga dalam keluarga Apocynaceae,Aeschynomene laevis|Alstonia kurzii|Alstonia scholaris avae|Alstonia scholaris blumii|Alstonia scholaris velutina,Tidak endemik,GBIF: https://www.gbif.org/species/5414410; Wikidata: http://www.wikidata.org/entity/Q135307
kayu_putih,Melaleuca cajuputi,gelam,Cajuput tree,Plantae,Magnoliopsida,Myrtales,Myrtaceae,Melaleuca,Pohon aromatik,Hutan rawa dan savana,Tumbuhan,-,Tidak endemik,GBIF: https://www.gbif.org/species/5415885; Wikidata: http://www.wikidata.org/entity/Q2933398
gaharu,Aquilaria malaccensis,Gaharu,Agarwood,Plantae,Magnoliopsida,Malvales,Thymelaeaceae,Aquilaria,Pohon,Hutan tropis,Gaharu adalah entri leksikon flora Indonesia kategori Pohon dengan habitat utama Hutan tropis. Status endemik: Tidak endemik.,Aquilaria agallocha|Aquilaria moluccensis|Aquilaria secundana|Aquilariella malaccensis,Tidak endemik,GBIF: https://www.gbif.org/species/5524063; Wikidata: http://www.wikidata.org/entity/Q2249742
cemara_laut,Casuarina equisetifolia,cemara laut,Beach she-oak,Plantae,Magnoliopsida,Fagales,Casuarinaceae,Casuarina,Pohon pesisir,Pantai dan pesisir,spesies tumbuhan,Casuarina equisetifolia|Casuarina equisetifolia incana|Casuarina equisetifolia typica|Casuarina litorea,Tidak endemik,GBIF: https://www.gbif.org/species/2891930; Wikidata: http://www.wikidata.org/entity/Q857220
merbau,Intsia bijuga,Merbau,Moluccan ironwood,Plantae,Magnoliopsida,Fabales,Fabaceae,Intsia,Pohon,Hutan tropis dan pesisir,Merbau adalah entri leksikon flora Indonesia kategori Pohon dengan habitat utama Hutan tropis dan pesisir. Status endemik: Tidak endemik.,Afzelia bijuga|Afzelia cambodiensis|Intsia bijuga glabra|Intsia moeleri|Macrolobium bijugum,Tidak endemik,GBIF: https://www.gbif.org/species/2963211; Wikidata: http://www.wikidata.org/entity/Q12700996
beringin,Ficus benjamina,Beringin,Weeping fig,Plantae,Magnoliopsida,Rosales,Moraceae,Ficus,Pohon,Hutan dan ruang terbuka tropis,Beringin adalah entri leksikon flora Indonesia kategori Pohon dengan habitat utama Hutan dan ruang terbuka tropis. Status endemik: Tidak endemik.,Ficus benjamina warringiana|Ficus benjamina benjamina|Ficus benjamina bracteata|Ficus benjamina comosa,Tidak endemik,GBIF: https://www.gbif.org/species/5361932; Wikidata: http://www.wikidata.org/entity/Q275160
jati,Tectona grandis,Jati,Teak,Plantae,Magnoliopsida,Lamiales,Lamiaceae,Tectona,Pohon kayu,Hutan musim dan kebun,Nama pohon,Jatus grandis|Tectona grandis abludens|Tectona grandis canescens|Tectona grandis pilosula|Tectona grandis punctata,Tidak endemik,GBIF: https://www.gbif.org/species/2925649; Wikidata: http://www.wikidata.org/entity/Q156938
mahoni_daun_besar,Swietenia macrophylla,Mahoni daun besar,Big-leaf mahogany,Plantae,Magnoliopsida,Sapindales,Meliaceae,Swietenia,Pohon kayu,Kebun dan hutan tanaman,Mahoni daun besar adalah entri leksikon flora Indonesia kategori Pohon kayu dengan habitat utama Kebun dan hutan tanaman. Status endemik: Tidak endemik.,Swietenia belizensis|Swietenia candollei|Swietenia krukovii|Swietenia macrophylla marabaensis|Swietenia tesomannii,Tidak endemik,GBIF: https://www.gbif.org/species/3190484; Wikidata: http://www.wikidata.org/entity/Q12955947
melinjo,Gnetum gnemon,Melinjo,Melinjo,Plantae,Gnetopsida,Gnetales,Gnetaceae,Gnetum,Pohon pangan,Kebun dan hutan tropis,"Tanaman berbiji terbuka dari genus Gnetum, keluarga Gnetaceae",Gnetum domesticum|Gnetum gnemon domesticum|Gnetum gnemon laurinum|Gnetum gnemon lucidum,Tidak endemik,GBIF: https://www.gbif.org/species/2653133; Wikidata: http://www.wikidata.org/entity/Q72368
petai,Parkia speciosa,petai,Stink bean,Plantae,Magnoliopsida,Fabales,Fabaceae,Parkia,Pohon pangan,Hutan dan kebun tropis,spesies tanaman,Acacia gigantea|Acacia graveolens|Inga pyriformis|Mimosa pedunculata,Tidak endemik,GBIF: https://www.gbif.org/species/5348811; Wikidata: http://www.wikidata.org/entity/Q311088
jengkol,Archidendron pauciflorum,jengkol,Dogfruit,Plantae,Magnoliopsida,Fabales,Fabaceae,Archidendron,Pohon pangan,Hutan dan kebun tropis,spesies tumbuhan,Abarema malinoensis pauciflorum|Abarema pauciflora|Pithecellobium pauciflorum,Tidak endemik,GBIF: https://www.gbif.org/species/2941485; Wikidata: http://www.wikidata.org/entity/Q3503085
kecombrang,Etlingera elatior,Kecombrang,Torch ginger,Plantae,Liliopsida,Zingiberales,Zingiberaceae,Etlingera,Herba rempah,Hutan lembap dan kebun,Tanaman rempah,Alpinia acrostachya|Alpinia diracodes|Alpinia elatior|Alpinia javanica|Alpinia magnifica,Tidak endemik,GBIF: https://www.gbif.org/species/2759896; Wikidata: http://www.wikidata.org/entity/Q3442435
jahe,Zingiber officinale,jahe,ginger,Plantae,Liliopsida,Zingiberales,Zingiberaceae,Zingiber,Herba rempah,Kebun tropis,spesies tumbuhan,Amomum angustifolium|Amomum zingiber|Amomum zinziba|Curcuma longifolia|Zingiber aromaticum,Tidak endemik,GBIF: https://www.gbif.org/species/2757280; Wikidata: http://www.wikidata.org/entity/Q35625
kunyit,Curcuma longa,kunyit,Turmeric,Plantae,Liliopsida,Zingiberales,Zingiberaceae,Curcuma,Herba rempah,Kebun tropis,Jenis tanaman obat-obatan dan rempah-rempah,Amomum curcuma|Curcuma brog|Curcuma domestica,Tidak endemik,GBIF: https://www.gbif.org/species/2757624; Wikidata: http://www.wikidata.org/entity/Q42562
lengkuas,Alpinia galanga,lengkuas,Greater galangal,Plantae,Liliopsida,Zingiberales,Zingiberaceae,Alpinia,Herba rempah,Kebun tropis,jenis tanaman,Alpinia alba|Alpinia bifida|Alpinia carnea|Alpinia galanga pyramidata|Alpinia galanga galanga,Tidak endemik,GBIF: https://www.gbif.org/species/5302225; Wikidata: http://www.wikidata.org/entity/Q402971
serai,Cymbopogon citratus,serai,Lemongrass,Plantae,Liliopsida,Poales,Poaceae,Cymbopogon,Rumput rempah,Kebun dan pekarangan,jenis tanaman dimanfaatkan sebagai bumbu masakan,Andropogon cerifer|Andropogon ceriferus|Andropogon citratus|Andropogon citriodorus,Tidak endemik,GBIF: https://www.gbif.org/species/2705275; Wikidata: http://www.wikidata.org/entity/Q33913
pandan_wangi,Pandanus amaryllifolius,pandan wangi,Pandan,Plantae,Liliopsida,Pandanales,Pandanaceae,Pandanus,Herba aromatik,Kebun dan lahan basah,Tanaman yang daunnya digunakan sebagai bahan masakan,Pandanus hasskarlii|Pandanus latifolius|Pandanus latifolius minor|Pandanus odorus,Tidak endemik,GBIF: https://www.gbif.org/species/9296315; Wikidata: http://www.wikidata.org/entity/Q311090
belimbing,Averrhoa carambola,Belimbing,star fruit,Plantae,Magnoliopsida,Oxalidales,Oxalidaceae,Averrhoa,Pohon buah,Kebun tropis,Belimbing adalah entri leksikon flora Indonesia kategori Pohon buah dengan habitat utama Kebun tropis. Status endemik: Tidak endemik.,Averrhoa acutangula|Averrhoa microphylla|Averrhoa pentandra|Connaropsis philippica|Sarcotheca philippica,Tidak endemik,GBIF: https://www.gbif.org/species/2891641; Wikidata: http://www.wikidata.org/entity/Q159447
manggis,Garcinia mangostana,Manggis,Mangosteen,Plantae,Magnoliopsida,Malpighiales,Clusiaceae,Garcinia,Pohon buah,Hutan dan kebun tropis,Spesies tumbuhan,Mangostana garcinia,Tidak endemik,GBIF: https://www.gbif.org/species/3189571; Wikidata: http://www.wikidata.org/entity/Q170662
duku,Lansium domesticum,Duku,Langsat,Plantae,Magnoliopsida,Sapindales,Meliaceae,Lansium,Pohon buah,Hutan dan kebun tropis,sejenis buah-buahan di Asia Tenggara,Aglaia aquea|Aglaia domestica|Aglaia dookoo|Aglaia intricatoreticulata|Aglaia merrillii,Tidak endemik,GBIF: https://www.gbif.org/species/3190478; Wikidata: http://www.wikidata.org/entity/Q860731
rambutan,Nephelium lappaceum,rambutan,Rambutan,Plantae,Magnoliopsida,Sapindales,Sapindaceae,Nephelium,Pohon buah,Hutan dan kebun tropis,spesies tanaman tropis,Dimocarpus crinitus|Euphoria chrysea|Euphoria crinita|Euphoria glabra,Tidak endemik,GBIF: https://www.gbif.org/species/5421126; Wikidata: http://www.wikidata.org/entity/Q476864
salak,Salacca zalacca,salak,Snake fruit,Plantae,Liliopsida,Arecales,Arecaceae,Salacca,Palem buah,Kebun tropis,Salak adalah entri leksikon flora Indonesia kategori Palem buah dengan habitat utama Kebun tropis. Status endemik: Tidak endemik.,Calamus salakka|Calamus zalacca|Salacca blumeana|Salacca edulis,Tidak endemik,GBIF: https://www.gbif.org/species/2731764; Wikidata: http://www.wikidata.org/entity/Q840615
bakau_minyak,Rhizophora apiculata,Bakau minyak,Tall-stilt mangrove,Plantae,Magnoliopsida,Malpighiales,Rhizophoraceae,Rhizophora,Mangrove,Hutan mangrove,Bakau minyak adalah entri leksikon flora Indonesia kategori Mangrove dengan habitat utama Hutan mangrove. Status endemik: Tidak endemik.,Rhizophora candelaria|Rhizophora conjugata,Tidak endemik,GBIF: https://www.gbif.org/species/3086526; Wikidata: http://www.wikidata.org/entity/Q920906
ketapang,Terminalia catappa,Ketapang,Tropical almond,Plantae,Magnoliopsida,Myrtales,Combretaceae,Terminalia,Pohon pesisir,Pantai dan hutan pesisir,spesies tumbuhan bergenus Terminalia,Buceras catappa|Bucida buceras|Juglans catappa|Myrobalanus badamia,Tidak endemik,GBIF: https://www.gbif.org/species/3189394; Wikidata: http://www.wikidata.org/entity/Q271179
kucing,Felis catus,Kucing,Domestic cat,Animalia,Mammalia,Carnivora,Felidae,Felis,Mamalia,Lingkungan domestik,spesies mamalia,Felis catus domestica|Felis domesticus|Felis lybica domestica|Felis maniculata|Felis maniculata domestica,Tidak endemik,GBIF: https://www.gbif.org/species/2435035; Wikidata: http://www.wikidata.org/entity/Q20980826
harimau,Panthera tigris,harimau,tiger,Animalia,Mammalia,Carnivora,Felidae,Panthera,Mamalia,Hutan tropis dan padang rumput,jenis kucing besar dari genus Panthera,Felis tigris,Tidak endemik,GBIF: https://www.gbif.org/species/5219416; Wikidata: http://www.wikidata.org/entity/Q19939
orangutan_sumatra,Pongo abelii,Orangutan sumatera,Sumatran orangutan,Animalia,Mammalia,Primates,Hominidae,Pongo,Mamalia,Hutan hujan Sumatra,Bisa ditemukan di Taman Nasional Bali Barat,Pithecus satyrus abelii|Pithecus satyrus abongensis|Pithecus satyrus deliensis|Pithecus satyrus langkatensis|Simia abelii,Endemik Indonesia,GBIF: https://www.gbif.org/species/5707420; Wikidata: http://www.wikidata.org/entity/Q543424
orangutan_kalimantan,Pongo pygmaeus,Orangutan kalimantan,Bornean orangutan,Animalia,Mammalia,Primates,Hominidae,Pongo,Mamalia,Hutan hujan Kalimantan,Spesies orang utan asli pulau Kalimantan,Simia pygmaeus,Tidak endemik,GBIF: https://www.gbif.org/species/5219532; Wikidata: http://www.wikidata.org/entity/Q599672
komodo,Varanus komodoensis,komodo,Komodo dragon,Animalia,Reptilia,Squamata,Varanidae,Varanus,Reptil,Savana dan hutan kering Nusa Tenggara,spesies kadal terbesar di dunia yang hidup di Pulau Komodo,-,Endemik Indonesia,GBIF: https://www.gbif.org/species/2470854; Wikidata: http://www.wikidata.org/entity/Q4504
jalak_bali,Leucopsar rothschildi,jalak bali,Bali Myna,Animalia,Aves,Passeriformes,Sturnidae,Leucopsar,Burung,Hutan musim Bali,spesies burung,-,Endemik Indonesia,GBIF: https://www.gbif.org/species/2489068; Wikidata: http://www.wikidata.org/entity/Q756868
elang_jawa,Nisaetus bartelsi,Elang jawa,Javan hawk-eagle,Animalia,Aves,Accipitriformes,Accipitridae,Nisaetus,Burung,Hutan pegunungan Jawa,spesies burung,Spizaetus bartelsi,Endemik Indonesia,GBIF: https://www.gbif.org/species/5788506; Wikidata: http://www.wikidata.org/entity/Q795558
babirusa_sulawesi,Babyrousa celebensis,Babirusa sulawesi-utara,North Sulawesi babirusa,Animalia,Mammalia,Artiodactyla,Suidae,Babyrousa,Mamalia,Hutan Sulawesi,Babirusa sulawesi adalah entri leksikon fauna Indonesia kategori Mamalia dengan habitat utama Hutan Sulawesi. Status endemik: Endemik Indonesia.,Babirussa celebensis|Babyrousa babyrussa celebensis|Babyrousa babyrussa merkusi|Babyrousa merkusi,Endemik Indonesia,GBIF: https://www.gbif.org/species/4262912; Wikidata: http://www.wikidata.org/entity/Q1934992
maleo,Macrocephalon maleo,maleo senkawor,Maleo,Animalia,Aves,Galliformes,Megapodiidae,Macrocephalon,Burung,Hutan dan pantai berpasir Sulawesi,spesies burung,-,Endemik Indonesia,GBIF: https://www.gbif.org/species/2482154; Wikidata: http://www.wikidata.org/entity/Q836291
gajah_sumatra,Elephas maximus,Gajah Asia,Asian elephant,Animalia,Mammalia,Proboscidea,Elephantidae,Elephas,Mamalia,Hutan dataran rendah Sumatra,Gajah sumatra adalah entri leksikon fauna Indonesia kategori Mamalia dengan habitat utama Hutan dataran rendah Sumatra. Status endemik: Tidak endemik.,Elephas asiaticus|Elephas gigas,Tidak endemik,GBIF: https://www.gbif.org/species/5219461; Wikidata: http://www.wikidata.org/entity/Q133006
badak_jawa,Rhinoceros sondaicus,Badak Sunda,Javan rhinoceros,Animalia,Mammalia,Perissodactyla,Rhinocerotidae,Rhinoceros,Mamalia,Hutan hujan dataran rendah,spesies mamalia,-,Tidak endemik,GBIF: https://www.gbif.org/species/5220112; Wikidata: http://www.wikidata.org/entity/Q170311
badak_sumatra,Dicerorhinus sumatrensis,badak sumatra,Sumatran rhinoceros,Animalia,Mammalia,Perissodactyla,Rhinocerotidae,Dicerorhinus,Mamalia,Hutan hujan Sumatra dan Kalimantan,spesies mamalia,Didermocerus sumatrensis|Rhinoceros crossii|Rhinoceros sumatrensis,Tidak endemik,GBIF: https://www.gbif.org/species/2440878; Wikidata: http://www.wikidata.org/entity/Q29220
bekantan,Nasalis larvatus,bekantan,Proboscis monkey,Animalia,Mammalia,Primates,Cercopithecidae,Nasalis,Mamalia,Hutan mangrove dan rawa Kalimantan,spesies monyet berhidung panjang,Cercopithecus larvatus|Cercopithecus nasica|Nasalis capistratus|Nasalis larvatus orientalis|Nasalis nasica,Tidak endemik,GBIF: https://www.gbif.org/species/2436525; Wikidata: http://www.wikidata.org/entity/Q192029
yaki,Macaca nigra,monyet hitam sulawesi,Celebes crested macaque,Animalia,Mammalia,Primates,Cercopithecidae,Macaca,Mamalia,Hutan Sulawesi,Yaki adalah entri leksikon fauna Indonesia kategori Mamalia dengan habitat utama Hutan Sulawesi. Status endemik: Endemik Indonesia.,Cynocephalus malayanus|Cynocephalus niger|Cynopithecus lembicus|Cynopithecus niger|Macaca lembicus,Endemik Indonesia,GBIF: https://www.gbif.org/species/2436616; Wikidata: http://www.wikidata.org/entity/Q280590
tangkasi,Tarsius tarsier,Tangkasi,Spectral tarsier,Animalia,Mammalia,Primates,Tarsiidae,Tarsius,Mamalia,Hutan Sulawesi,Tangkasi adalah entri leksikon fauna Indonesia kategori Mamalia dengan habitat utama Hutan Sulawesi. Status endemik: Endemik Indonesia.,Didelphys macrotarsos|Lemur podje|Lemur spectrum|Lemur tarsier|Macrotarsus buffonii,Endemik Indonesia,GBIF: https://www.gbif.org/species/4266949; Wikidata: http://www.wikidata.org/entity/Q859277
anoa_dataran_rendah,Bubalus depressicornis,Anoa dataran rendah,Lowland anoa,Animalia,Mammalia,Artiodactyla,Bovidae,Bubalus,Mamalia,Hutan Sulawesi,hewan endemik yang berasal dari Pulau Sulawesi,Anoa depressicornis|Bos bubalus anoa|Bubalus anoa,Endemik Indonesia,GBIF: https://www.gbif.org/species/8085503; Wikidata: http://www.wikidata.org/entity/Q317393
anoa_pegunungan,Bubalus quarlesi,anoa pegunungan,mountain anoa,Animalia,Mammalia,Artiodactyla,Bovidae,Bubalus,Mamalia,Hutan pegunungan Sulawesi,Spesies ungulata,Anoa quarlesi,Endemik Indonesia,GBIF: https://www.gbif.org/species/7846959; Wikidata: http://www.wikidata.org/entity/Q769957
babi_sulawesi,Sus celebensis,Babi varu,Celebes warty pig,Animalia,Mammalia,Artiodactyla,Suidae,Sus,Mamalia,Hutan dan semak Sulawesi,Spesies babi liar,-,Endemik Indonesia,GBIF: https://www.gbif.org/species/2441221; Wikidata: http://www.wikidata.org/entity/Q535406
beruang_madu,Helarctos malayanus,Beruang madu,Sun bear,Animalia,Mammalia,Carnivora,Ursidae,Helarctos,Mamalia,Hutan tropis Sumatra dan Kalimantan,Beruang madu adalah entri leksikon fauna Indonesia kategori Mamalia dengan habitat utama Hutan tropis Sumatra dan Kalimantan. Status endemik: Tidak endemik.,Helarctos euryspilus|Ursus malayanus,Tidak endemik,GBIF: https://www.gbif.org/species/2433403; Wikidata: http://www.wikidata.org/entity/Q144923
macan_dahan_sunda,Neofelis diardi,Macan dahan Sunda,Sunda clouded leopard,Animalia,Mammalia,Carnivora,Felidae,Neofelis,Mamalia,Hutan Sumatra dan Kalimantan,Macan dahan sunda adalah entri leksikon fauna Indonesia kategori Mamalia dengan habitat utama Hutan Sumatra dan Kalimantan. Status endemik: Tidak endemik.,Felis diardi|Neofelis nebulosa diardi,Tidak endemik,GBIF: https://www.gbif.org/species/5787229; Wikidata: http://www.wikidata.org/entity/Q275163
kucing_kuwuk,Prionailurus bengalensis,Kucing kuwuk,leopard cat,Animalia,Mammalia,Carnivora,Felidae,Prionailurus,Mamalia,Hutan dan lahan terbuka,Kucing kuwuk adalah entri leksikon fauna Indonesia kategori Mamalia dengan habitat utama Hutan dan lahan terbuka. Status endemik: Tidak endemik.,Felis bengalensis,Tidak endemik,GBIF: https://www.gbif.org/species/2434903; Wikidata: http://www.wikidata.org/entity/Q42627
ajag,Cuon alpinus,Ajak,dhole,Animalia,Mammalia,Carnivora,Canidae,Cuon,Mamalia,Hutan dan padang rumput,anjing hutan,Canis alpinus,Tidak endemik,GBIF: https://www.gbif.org/species/2434317; Wikidata: http://www.wikidata.org/entity/Q132585
rusa_timor,Rusa timorensis,Rusa Jawa,Javan rusa,Animalia,Mammalia,Artiodactyla,Cervidae,Rusa,Mamalia,Hutan musim dan savana,Rusa timor adalah entri leksikon fauna Indonesia kategori Mamalia dengan habitat utama Hutan musim dan savana. Status endemik: Tidak endemik.,Cervus celebensis|Cervus hippelaphus|Cervus lepidus|Cervus peronii|Cervus tavistocki,Tidak endemik,GBIF: https://www.gbif.org/species/4262397; Wikidata: http://www.wikidata.org/entity/Q663412
rusa_bawean,Axis kuhlii,Rusa Bawean,Bawean deer,Animalia,Mammalia,Artiodactyla,Cervidae,Axis,Mamalia,Hutan Pulau Bawean,Rusa bawean adalah entri leksikon fauna Indonesia kategori Mamalia dengan habitat utama Hutan Pulau Bawean. Status endemik: Endemik Indonesia.,Axis kuhlii|Axis porcinus kuhli|Cervus kuhlii,Endemik Indonesia,GBIF: https://www.gbif.org/species/5220129; Wikidata: http://www.wikidata.org/entity/Q221342
banteng,Bos javanicus,Banteng,Banteng,Animalia,Mammalia,Artiodactyla,Bovidae,Bos,Mamalia,Hutan dan padang rumput,spesies hewan,Bos banteng|Bos birmanicus|Bos lowi,Tidak endemik,GBIF: https://www.gbif.org/species/2441027; Wikidata: http://www.wikidata.org/entity/Q183035
trenggiling,Manis javanica,Trenggiling biasa,Sunda pangolin,Animalia,Mammalia,Pholidota,Manidae,Manis,Mamalia,Hutan tropis,jenis hewan menyusui,-,Tidak endemik,GBIF: https://www.gbif.org/species/5219628; Wikidata: http://www.wikidata.org/entity/Q269728
binturong,Arctictis binturong,Binturung,binturong,Animalia,Mammalia,Carnivora,Viverridae,Arctictis,Mamalia,Hutan tropis,Binturong adalah entri leksikon fauna Indonesia kategori Mamalia dengan habitat utama Hutan tropis. Status endemik: Tidak endemik.,Ictides albifrons|Ictides ater|Paradoxurus albifrons|Viverra binturong,Tidak endemik,GBIF: https://www.gbif.org/species/2434615; Wikidata: http://www.wikidata.org/entity/Q213141
kuskus_beruang_sulawesi,Ailurops ursinus,kuskus beruang sulawesi,Sulawesi bear cuscus,Animalia,Mammalia,Diprotodontia,Phalangeridae,Ailurops,Mamalia,Hutan Sulawesi,Kuskus beruang sulawesi adalah entri leksikon fauna Indonesia kategori Mamalia dengan habitat utama Hutan Sulawesi. Status endemik: Endemik Indonesia.,? ursinus|Phalanger ursinus,Endemik Indonesia,GBIF: https://www.gbif.org/species/5219990; Wikidata: http://www.wikidata.org/entity/Q209755
kuskus_tutul,Spilocuscus maculatus,Kuskus Tutul,Common spotted cuscus,Animalia,Mammalia,Diprotodontia,Phalangeridae,Spilocuscus,Mamalia,Hutan Papua dan Maluku,Kuskus tutul adalah entri leksikon fauna Indonesia kategori Mamalia dengan habitat utama Hutan Papua dan Maluku. Status endemik: Tidak endemik.,Phalanger maculatus|Phalangista maculata|Spilocuscus maculatus,Tidak endemik,GBIF: https://www.gbif.org/species/9818309; Wikidata: http://www.wikidata.org/entity/Q209548
cenderawasih_besar,Paradisaea apoda,cenderawasih kuning-besar,Greater bird-of-paradise,Animalia,Aves,Passeriformes,Paradisaeidae,Paradisaea,Burung,Hutan Papua,spesies burung,-,Tidak endemik,GBIF: https://www.gbif.org/species/2494862; Wikidata: http://www.wikidata.org/entity/Q325356
cenderawasih_kecil,Paradisaea minor,cenderawasih kuning-kecil,Lesser bird-of-paradise,Animalia,Aves,Passeriformes,Paradisaeidae,Paradisaea,Burung,Hutan Papua,spesies burung,-,Tidak endemik,GBIF: https://www.gbif.org/species/2494859; Wikidata: http://www.wikidata.org/entity/Q332621
cenderawasih_raja,Cicinnurus regius,cenderawasih raja,King Bird-of-paradise,Animalia,Aves,Passeriformes,Paradisaeidae,Cicinnurus,Burung,Hutan Papua,spesies burung,Paradisaea regia,Tidak endemik,GBIF: https://www.gbif.org/species/2494913; Wikidata: http://www.wikidata.org/entity/Q795507
kakatua_kecil_jambul_kuning,Cacatua sulphurea,kakatua-kecil jambul-kuning,Yellow-crested Cockatoo,Animalia,Aves,Psittaciformes,Psittacidae,Cacatua,Burung,Hutan dan savana,spesies burung,Cacatura sulphurea|Psittacus sulphureus,Tidak endemik,GBIF: https://www.gbif.org/species/2479893; Wikidata: http://www.wikidata.org/entity/Q372906
kakatua_raja,Probosciger aterrimus,kakatua raja,Palm Cockatoo,Animalia,Aves,Psittaciformes,Psittacidae,Probosciger,Burung,Hutan Papua,spesies burung,Probosciger aterrinus|Psittacus aterrimus,Tidak endemik,GBIF: https://www.gbif.org/species/2479187; Wikidata: http://www.wikidata.org/entity/Q31501
nuri_kepala_hitam,Lorius lory,kasturi kepala-hitam,Black-capped Lory,Animalia,Aves,Psittaciformes,Psittacidae,Lorius,Burung,Hutan Papua,spesies burung,Psittacus lory,Tidak endemik,GBIF: https://www.gbif.org/species/2479418; Wikidata: http://www.wikidata.org/entity/Q569758
nuri_merah,Eos bornea,nuri maluku,Red Lory,Animalia,Aves,Psittaciformes,Psittacidae,Eos,Burung,Hutan Maluku,spesies burung,Eos borneo borneo|Eos rubra|Psittacus borneus,Endemik Indonesia,GBIF: https://www.gbif.org/species/2479486; Wikidata: http://www.wikidata.org/entity/Q850931
tiong_emas,Gracula religiosa,tiong emas,Common Hill Myna,Animalia,Aves,Passeriformes,Sturnidae,Gracula,Burung,Hutan tropis,spesies burung,-,Tidak endemik,GBIF: https://www.gbif.org/species/2488999; Wikidata: http://www.wikidata.org/entity/Q337416
rangkong_badak,Buceros rhinoceros,Rangkong badak,Rhinoceros Hornbill,Animalia,Aves,Bucerotiformes,Bucerotidae,Buceros,Burung,Hutan Sumatra dan Kalimantan,spesies burung,-,Tidak endemik,GBIF: https://www.gbif.org/species/2476004; Wikidata: http://www.wikidata.org/entity/Q751036
rangkong_gading,Rhinoplax vigil,Rangkong gading,Helmeted Hornbill,Animalia,Aves,Bucerotiformes,Bucerotidae,Rhinoplax,Burung,Hutan Sumatra dan Kalimantan,spesies burung,Buceros vigil,Tidak endemik,GBIF: https://www.gbif.org/species/2475951; Wikidata: http://www.wikidata.org/entity/Q226043
buaya_muara,Crocodylus porosus,Buaya muara,Saltwater crocodile,Animalia,Crocodylia,Crocodilia,Crocodylidae,Crocodylus,Reptil,"Muara, sungai, dan pesisir",spesies buaya,Crocodilus biporcatus|Crocodilus biporcatus raninus|Crocodilus oopholis|Crocodylus natans|Crocodylus nathani,Tidak endemik,GBIF: https://www.gbif.org/species/2441333; Wikidata: http://www.wikidata.org/entity/Q182599
buaya_siam,Crocodylus siamensis,Buaya Siam,Siamese crocodile,Animalia,Crocodylia,Crocodilia,Crocodylidae,Crocodylus,Reptil,Sungai dan rawa,Buaya siam adalah entri leksikon fauna Indonesia kategori Reptil dengan habitat utama Sungai dan rawa. Status endemik: Tidak endemik.,Crocodilus galeatus|Crocodylus ossifragus,Tidak endemik,GBIF: https://www.gbif.org/species/2441348; Wikidata: http://www.wikidata.org/entity/Q208277
penyu_hijau,Chelonia mydas,Penyu hijau,Green sea turtle,Animalia,Reptilia,Testudines,Cheloniidae,Chelonia,Reptil,Laut tropis dan pantai peneluran,Penyu hijau adalah entri leksikon fauna Indonesia kategori Reptil dengan habitat utama Laut tropis dan pantai peneluran. Status endemik: Tidak endemik.,Caretta cepedii|Caretta esculenta|Caretta spec|Caretta thunbergi|Chelone mydas,Tidak endemik,GBIF: https://www.gbif.org/species/2442225; Wikidata: http://www.wikidata.org/entity/Q199458
penyu_sisik,Eretmochelys imbricata,Penyu sisik,hawksbill sea turtle,Animalia,Reptilia,Testudines,Cheloniidae,Eretmochelys,Reptil,Terumbu karang dan laut tropis,Penyu sisik adalah entri leksikon fauna Indonesia kategori Reptil dengan habitat utama Terumbu karang dan laut tropis. Status endemik: Tidak endemik.,Caretta bissa|Caretta rostrata|Caretta squamosa|Chelone imbricata|Chelonia griseam,Tidak endemik,GBIF: https://www.gbif.org/species/8841716; Wikidata: http://www.wikidata.org/entity/Q203538
sanca_kembang,Malayopython reticulatus,Ular sanca kembang,Reticulated python,Animalia,Reptilia,Squamata,Pythonidae,Malayopython,Reptil,Hutan dan lahan basah,Jenis ular sancaka Terpanjang dan Terberat di Seluruh Dunia,Boa phrygia|Boa reticulata|Boa rhombeata|Broghammerius reticulatus|Broghammerius reticulatus dalegibbonsi,Tidak endemik,GBIF: https://www.gbif.org/species/9260388; Wikidata: http://www.wikidata.org/entity/Q216136
ular_sendok_jawa,Naja sputatrix,Ular sendok jawa,Javan spitting cobra,Animalia,Reptilia,Squamata,Elapidae,Naja,Reptil,"Hutan, kebun, dan permukiman",ular berbisa,Naja leptocoryphaea,Tidak endemik,GBIF: https://www.gbif.org/species/2470370; Wikidata: http://www.wikidata.org/entity/Q2703580
duyung,Dugong dugon,Dugong,dugong,Animalia,Mammalia,Sirenia,Dugongidae,Dugong,Mamalia laut,Padang lamun dan perairan pesisir,Duyung adalah entri leksikon fauna Indonesia kategori Mamalia laut dengan habitat utama Padang lamun dan perairan pesisir. Status endemik: Tidak endemik.,Dugong dugon|Dugong dugon dugon|Dugong dugon hemprichii|Dugong dugon tabernaculi|Dugong dugong,Tidak endemik,GBIF: https://www.gbif.org/species/9729967; Wikidata: http://www.wikidata.org/entity/Q129544
ikan_raja_laut,Latimeria menadoensis,Coelacanth Indonesia,Sulawesi Coelacanth,Animalia,Coelacanthi,Coelacanthiformes,Latimeriidae,Latimeria,Ikan,Perairan laut dalam Sulawesi,Spesies ikan coelacanth yang berasal dari Indonesia,-,Endemik Indonesia,GBIF: https://www.gbif.org/species/2441276; Wikidata: http://www.wikidata.org/entity/Q1156533
arwana_asia,Scleropages formosus,Arwana Asia,Asian arowana,Animalia,Actinopteri,Osteoglossiformes,Osteoglossidae,Scleropages,Ikan,Sungai dan rawa gambut,Jenis ikan Arwana,Osteoglossum formosum|Scleropages aureus|Scleropages legendrei|Scleropages macrocephalus,Tidak endemik,GBIF: https://www.gbif.org/species/2402231; Wikidata: http://www.wikidata.org/entity/Q728584
kupu_kupu_sayap_burung_wallace,Ornithoptera croesus,Kupu-kupu sayap burung Wallace,Wallace's golden birdwing,Animalia,Insecta,Lepidoptera,Papilionidae,Ornithoptera,Serangga,Hutan Maluku,spesies serangga,Ornithoptera croesus toeantei|Ornithoptera croesus wallacei,Endemik Indonesia,GBIF: https://www.gbif.org/species/1937481; Wikidata: http://www.wikidata.org/entity/Q1757731
kupu_kupu_sayap_burung_surga,Ornithoptera paradisea,Kupu-kupu sayap-burung surga,Paradise birdwing,Animalia,Insecta,Lepidoptera,Papilionidae,Ornithoptera,Serangga,Hutan Papua,spesies serangga,Troides paradisea|Troides paradiseus caliginosa,Tidak endemik,GBIF: https://www.gbif.org/species/1937484; Wikidata: http://www.wikidata.org/entity/Q1756827
